{
  "subset_id": 640,
  "subset_label": "budget_wireline_only",
  "config_slug": "no_zone",
  "config_label": "-Zone",
  "dropped": "Zone",
  "outer_fold": "D",
  "outer_fold_index": 3,
  "cost": 7,
  "n_train": 1853,
  "n_test": 431,
  "seed": 20290851,
  "RMSE": 183.39583272414623,
  "MAE": 47.109930739230634,
  "MedAE": 1.8611452864531575,
  "R2": -0.01883898203029144,
  "RMSLE": 0.9086703428740025,
  "RMSE_log": 0.9086703428740025,
  "MAE_log": 0.7282017903636638,
  "R2_log": 0.5220411902975893
}