subset_id,subset_label,config_slug,config_label,dropped,outer_fold,outer_fold_index,cost,n_train,n_test,seed,RMSE,MAE,MedAE,R2,RMSLE,RMSE_log,MAE_log,R2_log
4096,cpor_sm_only_baseline,no_depth,-DEPTH,DEPTH,A,0,10,1928,356,20264307,126.61242102517123,48.33141486917525,4.1951105298450955,0.3984992749787869,0.6617953480108144,0.6617953480108144,0.5549920607121335,0.7164156653813878
4096,cpor_sm_only_baseline,no_depth,-DEPTH,DEPTH,B,1,10,1807,477,20274307,116.34413011922642,36.94214004423584,1.9742259026319222,-0.00953420218912493,0.6877133402313206,0.6877133402313206,0.5533907678541895,0.71021824047905
4096,cpor_sm_only_baseline,no_depth,-DEPTH,DEPTH,C,2,10,1895,389,20284307,235.9930939296571,62.3907796536257,4.331614738892259,-0.01664530916519391,0.7124066238969289,0.7124066238969289,0.5552378870452873,0.6394169705738667
4096,cpor_sm_only_baseline,no_depth,-DEPTH,DEPTH,D,3,10,1853,431,20294307,173.7594428899334,43.37404152618381,1.5807659377629175,0.08541629761467706,0.7496486840996063,0.7496486840996063,0.5816597095271627,0.674693059419947
4096,cpor_sm_only_baseline,no_depth,-DEPTH,DEPTH,E,4,10,2081,203,20304307,368.7975877747146,155.52323827675212,20.19305460567621,-0.04739468589970608,0.8077369226982919,0.8077369226982919,0.6969805200715469,0.3241702411293227
4096,cpor_sm_only_baseline,no_depth,-DEPTH,DEPTH,F,5,10,1896,388,20314307,238.32084183091712,80.63717549688269,2.4147931663199027,0.05794566405573953,0.743775370675388,0.743775370675388,0.5858671648025691,0.5950832642369126
4096,cpor_sm_only_baseline,no_depth,-DEPTH,DEPTH,G,6,10,2244,40,20324307,109.70785392327295,30.38667179320219,1.2115174820244765,-0.010358240770501403,0.7696022388637732,0.7696022388637732,0.6130082767183898,0.5551852931032355
