{
  "subset_id": 4096,
  "subset_label": "cpor_sm_only_baseline",
  "config_slug": "no_depth",
  "config_label": "-DEPTH",
  "dropped": "DEPTH",
  "outer_fold": "D",
  "outer_fold_index": 3,
  "cost": 10,
  "n_train": 1853,
  "n_test": 431,
  "seed": 20294307,
  "RMSE": 173.7594428899334,
  "MAE": 43.37404152618381,
  "MedAE": 1.5807659377629175,
  "R2": 0.08541629761467706,
  "RMSLE": 0.7496486840996063,
  "RMSE_log": 0.7496486840996063,
  "MAE_log": 0.5816597095271627,
  "R2_log": 0.674693059419947
}