{
  "subset_id": 4096,
  "subset_label": "cpor_sm_only_baseline",
  "config_slug": "no_depth",
  "config_label": "-DEPTH",
  "dropped": "DEPTH",
  "outer_fold": "G",
  "outer_fold_index": 6,
  "cost": 10,
  "n_train": 2244,
  "n_test": 40,
  "seed": 20324307,
  "RMSE": 109.70785392327295,
  "MAE": 30.38667179320219,
  "MedAE": 1.2115174820244765,
  "R2": -0.010358240770501403,
  "RMSLE": 0.7696022388637732,
  "RMSE_log": 0.7696022388637732,
  "MAE_log": 0.6130082767183898,
  "R2_log": 0.5551852931032355
}