subset_id,subset_label,config_slug,config_label,dropped,outer_fold,outer_fold_index,cost,n_train,n_test,seed,RMSE,MAE,MedAE,R2,RMSLE,RMSE_log,MAE_log,R2_log
640,budget_wireline_only,no_source,-Source,Source,A,0,7,1928,356,20260851,146.9395698238147,51.14846290211473,2.910609266102262,0.1898581696815893,0.7033747583957035,0.7033747583957035,0.5687319410351359,0.67966206298621
640,budget_wireline_only,no_source,-Source,Source,B,1,7,1807,477,20270851,113.64583328586875,35.711736145539106,2.3015319704298536,0.03674977717062988,0.7253567530183934,0.7253567530183934,0.5985894659547247,0.6776264032732982
640,budget_wireline_only,no_source,-Source,Source,C,2,7,1895,389,20280851,235.2255371084283,67.27420154773749,7.007038692382325,-0.010042878306255387,0.8687577128308335,0.8687577128308335,0.6751743300827863,0.46377540238642967
640,budget_wireline_only,no_source,-Source,Source,D,3,7,1853,431,20290851,178.91381473032422,45.58899570868523,2.063311885646065,0.03035139160642275,0.8971770191733166,0.8971770191733166,0.7222908317723141,0.5340556554150659
640,budget_wireline_only,no_source,-Source,Source,E,4,7,2081,203,20300851,369.98871798362984,156.9654499164279,23.29426960477155,-0.054171292874736876,0.8872787991143575,0.8872787991143575,0.7205964721924807,0.18451186021568167
640,budget_wireline_only,no_source,-Source,Source,F,5,7,1896,388,20310851,241.4903125453725,80.34147041722147,3.069193529137948,0.03272195272669476,0.7541845130304202,0.7541845130304202,0.6115600484868157,0.5836703311297537
640,budget_wireline_only,no_source,-Source,Source,G,6,7,2244,40,20320851,105.36659333543645,34.68918261017086,4.635496026548035,0.06802164384832288,0.891654002257227,0.891654002257227,0.7563687608568227,0.40291079491752757
