subset_id,subset_label,config_slug,config_label,dropped,outer_fold,outer_fold_index,cost,n_train,n_test,seed,RMSE,MAE,MedAE,R2,RMSLE,RMSE_log,MAE_log,R2_log
4096,cpor_sm_only_baseline,no_all_three,-all-three (DEPTH+Source+Zone),"DEPTH,Source,Zone",A,0,10,1928,356,20264307,122.98904117075855,50.604406326566576,3.6643698556842415,0.43243401444091945,0.6435329547476237,0.6435329547476237,0.5418253026800461,0.7318508654023486
4096,cpor_sm_only_baseline,no_all_three,-all-three (DEPTH+Source+Zone),"DEPTH,Source,Zone",B,1,10,1807,477,20274307,114.61389014298803,37.18250420140702,2.973795339477228,0.020269586360616043,0.7149819837442345,0.7149819837442345,0.5953163348993279,0.6867822652135156
4096,cpor_sm_only_baseline,no_all_three,-all-three (DEPTH+Source+Zone),"DEPTH,Source,Zone",C,2,10,1895,389,20284307,235.79136143916216,61.9345916923732,5.390095987464872,-0.01490794703572762,0.6640022748165976,0.6640022748165976,0.5170998671443249,0.6867518463250473
4096,cpor_sm_only_baseline,no_all_three,-all-three (DEPTH+Source+Zone),"DEPTH,Source,Zone",D,3,10,1853,431,20294307,173.88367395146145,44.14668272113741,1.8581299198856134,0.08410804847335385,0.7760558035108721,0.7760558035108721,0.6327466681259337,0.6513708754822707
4096,cpor_sm_only_baseline,no_all_three,-all-three (DEPTH+Source+Zone),"DEPTH,Source,Zone",E,4,10,2081,203,20304307,365.7573955234775,149.6203433416932,15.21951227089063,-0.03019741313109625,0.7731506816643678,0.7731506816643678,0.6294381138412293,0.3808074441779288
4096,cpor_sm_only_baseline,no_all_three,-all-three (DEPTH+Source+Zone),"DEPTH,Source,Zone",F,5,10,1896,388,20314307,236.44500865259621,79.53816562677095,2.7021738196177183,0.07271719777788788,0.7084295329425282,0.7084295329425282,0.5614411470538562,0.6326538805407673
4096,cpor_sm_only_baseline,no_all_three,-all-three (DEPTH+Source+Zone),"DEPTH,Source,Zone",G,6,10,2244,40,20324307,107.019452089505,30.010357882745062,1.448775391418515,0.038552896882297905,0.7808426636567791,0.7808426636567791,0.5987293778562842,0.542096923375325
