{
  "subset_id": 4096,
  "subset_label": "cpor_sm_only_baseline",
  "config_slug": "no_all_three",
  "dropped": [
    "DEPTH",
    "Source",
    "Zone"
  ],
  "outer_fold": "C",
  "seed": 20284307,
  "best_params": {
    "n_estimators": 100,
    "max_depth": 5,
    "max_features": 0.5,
    "min_samples_split": 9,
    "min_samples_leaf": 1
  },
  "best_score": -0.734461348544571,
  "best_metrics": {
    "RMSE": 186.63975957877915,
    "MAE": 65.52601918266288,
    "MedAE": 4.747877265567539,
    "R2": 0.10379856292391247,
    "RMSLE": 0.734461348544571,
    "RMSE_log": 0.734461348544571,
    "MAE_log": 0.5905295316286088,
    "R2_log": 0.6010910757319018
  },
  "timing": {
    "random_search_seconds": 605.1018404960632,
    "bayesian_search_seconds": 334.80709195137024,
    "total_search_seconds": 939.9089353084564,
    "n_random_trials": 500,
    "n_bayesian_trials": 500,
    "n_total_trials": 1000,
    "avg_trial_seconds_random": 1.2102036809921264,
    "avg_trial_seconds_bayesian": 0.6696141839027405,
    "avg_trial_seconds_overall": 0.9399089353084564
  }
}