{
  "subset_id": 4096,
  "subset_label": "cpor_sm_only_baseline",
  "config_slug": "no_all_three",
  "config_label": "-all-three (DEPTH+Source+Zone)",
  "dropped": "DEPTH,Source,Zone",
  "outer_fold": "D",
  "outer_fold_index": 3,
  "cost": 10,
  "n_train": 1853,
  "n_test": 431,
  "seed": 20294307,
  "RMSE": 173.88367395146145,
  "MAE": 44.14668272113741,
  "MedAE": 1.8581299198856134,
  "R2": 0.08410804847335385,
  "RMSLE": 0.7760558035108721,
  "RMSE_log": 0.7760558035108721,
  "MAE_log": 0.6327466681259337,
  "R2_log": 0.6513708754822707
}