{
  "subset_id": 640,
  "subset_label": "budget_wireline_only",
  "config_slug": "no_depth",
  "config_label": "-DEPTH",
  "dropped": "DEPTH",
  "outer_fold": "D",
  "outer_fold_index": 3,
  "cost": 7,
  "n_train": 1853,
  "n_test": 431,
  "seed": 20290851,
  "RMSE": 176.14106614801494,
  "MAE": 44.78044388606182,
  "MedAE": 2.0824882465395413,
  "R2": 0.06017310597841896,
  "RMSLE": 0.8911546483593444,
  "RMSE_log": 0.8911546483593444,
  "MAE_log": 0.7076756820461944,
  "R2_log": 0.5402900361763223
}