{
  "subset_id": 640,
  "subset_label": "budget_wireline_only",
  "config_slug": "no_all_three",
  "dropped": [
    "DEPTH",
    "Source",
    "Zone"
  ],
  "outer_fold": "A",
  "seed": 20260851,
  "best_params": {
    "n_estimators": 100,
    "max_depth": 10,
    "max_features": "sqrt",
    "min_samples_split": 9,
    "min_samples_leaf": 1
  },
  "best_score": -0.855981395399796,
  "best_metrics": {
    "RMSE": 210.0076381089899,
    "MAE": 71.14751098723262,
    "MedAE": 8.759812538114538,
    "R2": -0.0055476257492704795,
    "RMSLE": 0.855981395399796,
    "RMSE_log": 0.855981395399796,
    "MAE_log": 0.700489746878025,
    "R2_log": 0.45355952140267713
  },
  "timing": {
    "random_search_seconds": 678.8119852542877,
    "bayesian_search_seconds": 236.48517227172852,
    "total_search_seconds": 915.2971603870392,
    "n_random_trials": 500,
    "n_bayesian_trials": 500,
    "n_total_trials": 1000,
    "avg_trial_seconds_random": 1.3576239705085755,
    "avg_trial_seconds_bayesian": 0.47297034454345704,
    "avg_trial_seconds_overall": 0.9152971603870392
  }
}