{
  "model": "AdaBoost",
  "variant": "without_outlier_linear",
  "best_params": {
    "n_estimators": 50,
    "learning_rate": 0.09525334263969881,
    "loss": "exponential"
  },
  "best_score": -0.6872450879666891,
  "best_metrics": {
    "RMSE": 194.5424066380712,
    "MAE": 64.4877502989568,
    "MedAE": 6.074948515917689,
    "R2": 0.07834471940932748,
    "RMSLE": 0.6872450879666891,
    "RMSE_log": 0.6872450879666891,
    "MAE_log": 0.5658756545769908,
    "R2_log": 0.6558683917160059
  },
  "best_search_type": "bayesian",
  "elapsed_seconds": 4600.983004331589,
  "timing": {
    "random_search_seconds": 3302.173182249069,
    "bayesian_search_seconds": 1298.8092803955078,
    "total_search_seconds": 4600.9824640750885,
    "n_random_trials": 500,
    "n_bayesian_trials": 500,
    "n_total_trials": 1000,
    "avg_trial_seconds_random": 6.604346364498139,
    "avg_trial_seconds_bayesian": 2.5976185607910156,
    "avg_trial_seconds_overall": 4.600982464075089
  },
  "timestamp": "2026-03-14T09:06:47.644759"
}