{
  "model": "RandomForest",
  "variant": "without_outlier_adaptive",
  "best_params": {
    "n_estimators": 100,
    "max_depth": 5,
    "max_features": 0.5,
    "min_samples_split": 7,
    "min_samples_leaf": 5
  },
  "best_score": -0.6780970863772653,
  "best_metrics": {
    "RMSE": 191.05463776555737,
    "MAE": 63.1645555984863,
    "MedAE": 5.897698720460807,
    "R2": 0.09818235011838328,
    "RMSLE": 0.6780970863772653,
    "RMSE_log": 0.6780970863772653,
    "MAE_log": 0.5553437910719292,
    "R2_log": 0.6649797264701564
  },
  "best_search_type": "bayesian",
  "elapsed_seconds": 4991.00336098671,
  "timing": {
    "random_search_seconds": 2921.28755235672,
    "bayesian_search_seconds": 2069.7155497074127,
    "total_search_seconds": 4991.003106355667,
    "n_random_trials": 500,
    "n_bayesian_trials": 500,
    "n_total_trials": 1000,
    "avg_trial_seconds_random": 5.84257510471344,
    "avg_trial_seconds_bayesian": 4.139431099414826,
    "avg_trial_seconds_overall": 4.9910031063556675
  },
  "timestamp": "2026-03-14T09:13:14.974099"
}