{
  "subset_id": 4550,
  "subset_label": "best_performer",
  "config_slug": "no_zone",
  "config_label": "-Zone",
  "dropped": "Zone",
  "outer_fold": "D",
  "outer_fold_index": 3,
  "cost": 21,
  "n_train": 1853,
  "n_test": 431,
  "seed": 20294761,
  "RMSE": 174.76451727079615,
  "MAE": 44.22369139295147,
  "MedAE": 2.759503282553222,
  "R2": 0.07480526937469556,
  "RMSLE": 0.7467453844319989,
  "RMSE_log": 0.7467453844319989,
  "MAE_log": 0.6320046283542302,
  "R2_log": 0.6772079297994089
}