{
  "outer_fold": "F",
  "subset_id": 4096,
  "subset_label": "cpor_sm_only_baseline",
  "features": [
    "CPOR_SM"
  ],
  "cost": 10,
  "model": "ExtraTrees",
  "variant": "dataset/prepared_variants/all_sources_without_outlier_adaptive.csv",
  "hp_budget": 1000,
  "search_timing": {
    "random_search_seconds": 634.6555151939392,
    "bayesian_search_seconds": 913.0047614574432,
    "total_search_seconds": 1547.6602795124054,
    "n_random_trials": 500,
    "n_bayesian_trials": 500,
    "n_total_trials": 1000,
    "avg_trial_seconds_random": 1.2693110303878785,
    "avg_trial_seconds_bayesian": 1.8260095229148865,
    "avg_trial_seconds_overall": 1.5476602795124055
  },
  "inner_best_score": -0.7220199523572783,
  "inner_best_metrics": {
    "RMSE": 187.91836200251115,
    "MAE": 62.24130234391663,
    "MedAE": 5.598600445061759,
    "R2": 0.07244816872975533,
    "RMSLE": 0.7220199523572783,
    "RMSE_log": 0.7220199523572783,
    "MAE_log": 0.5798847118834315,
    "R2_log": 0.616246347753498
  },
  "outer_metrics": {
    "RMSE": 229.71452597355977,
    "MAE": 78.83948170558132,
    "MedAE": 2.2585658825304176,
    "R2": 0.12475664643501838,
    "RMSLE": 0.7272041251690514,
    "RMSE_log": 0.7272041251690514,
    "MAE_log": 0.5701951491624253,
    "R2_log": 0.6129252797075191
  },
  "best_params": {
    "max_depth": 10,
    "max_features": 0.5,
    "min_samples_leaf": 1,
    "min_samples_split": 4,
    "n_estimators": 100
  },
  "timestamp": "2026-06-04T15:34:06.221718"
}