{
  "outer_fold": "F",
  "subset_id": 640,
  "subset_label": "budget_wireline_only",
  "features": [
    "PEF",
    "PHIT"
  ],
  "cost": 7,
  "model": "ExtraTrees",
  "variant": "dataset/prepared_variants/all_sources_without_outlier_adaptive.csv",
  "hp_budget": 1000,
  "search_timing": {
    "random_search_seconds": 720.5638153553009,
    "bayesian_search_seconds": 972.6626417636871,
    "total_search_seconds": 1693.2264602184296,
    "n_random_trials": 500,
    "n_bayesian_trials": 500,
    "n_total_trials": 1000,
    "avg_trial_seconds_random": 1.4411276307106018,
    "avg_trial_seconds_bayesian": 1.9453252835273742,
    "avg_trial_seconds_overall": 1.6932264602184295
  },
  "inner_best_score": -0.8299567016740622,
  "inner_best_metrics": {
    "RMSE": 191.32379492246818,
    "MAE": 65.29460956648107,
    "MedAE": 8.240900334360031,
    "R2": 0.04860188874047026,
    "RMSLE": 0.8299567016740622,
    "RMSE_log": 0.8299567016740622,
    "MAE_log": 0.6762026031018403,
    "R2_log": 0.4893218038788499
  },
  "outer_metrics": {
    "RMSE": 241.29991639277966,
    "MAE": 80.11656655419182,
    "MedAE": 2.0419193214637197,
    "R2": 0.03424659706148647,
    "RMSLE": 0.7354454198167136,
    "RMSE_log": 0.7354454198167136,
    "MAE_log": 0.582050922179143,
    "R2_log": 0.6041022475328452
  },
  "best_params": {
    "max_depth": 20,
    "max_features": 0.5,
    "min_samples_leaf": 4,
    "min_samples_split": 10,
    "n_estimators": 200
  },
  "timestamp": "2026-06-04T15:08:18.489159"
}