{
  "subset_id": 4096,
  "subset_label": "cpor_sm_only_baseline",
  "config_slug": "no_source",
  "dropped": [
    "Source"
  ],
  "outer_fold": "E",
  "seed": 20304307,
  "best_params": {
    "n_estimators": 300,
    "max_depth": 10,
    "max_features": 0.5,
    "min_samples_split": 9,
    "min_samples_leaf": 2
  },
  "best_score": -0.6974015066482018,
  "best_metrics": {
    "RMSE": 161.51330505965726,
    "MAE": 49.82090625568898,
    "MedAE": 2.7619815320980106,
    "R2": 0.13491258490452426,
    "RMSLE": 0.6974015066482018,
    "RMSE_log": 0.6974015066482018,
    "MAE_log": 0.5560243080513596,
    "R2_log": 0.6711488415912966
  },
  "timing": {
    "random_search_seconds": 638.2836747169495,
    "bayesian_search_seconds": 873.6028573513031,
    "total_search_seconds": 1511.8865349292755,
    "n_random_trials": 500,
    "n_bayesian_trials": 500,
    "n_total_trials": 1000,
    "avg_trial_seconds_random": 1.276567349433899,
    "avg_trial_seconds_bayesian": 1.747205714702606,
    "avg_trial_seconds_overall": 1.5118865349292756
  }
}