{
  "subset_id": 4550,
  "subset_label": "best_performer",
  "config_slug": "no_source",
  "config_label": "-Source",
  "dropped": "Source",
  "outer_fold": "D",
  "outer_fold_index": 3,
  "cost": 21,
  "n_train": 1853,
  "n_test": 431,
  "seed": 20294761,
  "RMSE": 170.14282269379933,
  "MAE": 42.905227454729356,
  "MedAE": 2.3859997039425096,
  "R2": 0.12309227844563275,
  "RMSLE": 0.7320523468135991,
  "RMSE_log": 0.7320523468135991,
  "MAE_log": 0.6085783427752351,
  "R2_log": 0.6897855399497577
}