{
  "subset_id": 640,
  "subset_label": "budget_wireline_only",
  "config_slug": "no_zone",
  "dropped": [
    "Zone"
  ],
  "outer_fold": "A",
  "seed": 20260851,
  "best_params": {
    "max_depth": 30,
    "max_features": 0.5,
    "min_samples_leaf": 3,
    "min_samples_split": 10,
    "n_estimators": 100
  },
  "best_score": -0.8521701254627846,
  "best_metrics": {
    "RMSE": 211.66547318429426,
    "MAE": 70.8035679984779,
    "MedAE": 7.5765231881000945,
    "R2": -0.023419068904403928,
    "RMSLE": 0.8521701254627846,
    "RMSE_log": 0.8521701254627846,
    "MAE_log": 0.692554110122602,
    "R2_log": 0.45928225646419385
  },
  "timing": {
    "random_search_seconds": 733.0151162147522,
    "bayesian_search_seconds": 797.3490598201752,
    "total_search_seconds": 1530.3641786575317,
    "n_random_trials": 500,
    "n_bayesian_trials": 500,
    "n_total_trials": 1000,
    "avg_trial_seconds_random": 1.4660302324295045,
    "avg_trial_seconds_bayesian": 1.5946981196403502,
    "avg_trial_seconds_overall": 1.5303641786575317
  }
}