subset_id,subset_label,config_slug,config_label,dropped,outer_fold,outer_fold_index,cost,n_train,n_test,seed,RMSE,MAE,MedAE,R2,RMSLE,RMSE_log,MAE_log,R2_log
4096,cpor_sm_only_baseline,no_zone,-Zone,Zone,A,0,10,1928,356,20264307,136.43402103894127,49.309449253833016,3.292824288587451,0.30156034892252837,0.6757547347211442,0.6757547347211442,0.5675593607332126,0.7043260855483868
4096,cpor_sm_only_baseline,no_zone,-Zone,Zone,B,1,10,1807,477,20274307,118.61738669355715,37.8855821498099,2.404767092365982,-0.049370344604484195,0.7108836812913956,0.7108836812913956,0.5561135800879581,0.6903627247056496
4096,cpor_sm_only_baseline,no_zone,-Zone,Zone,C,2,10,1895,389,20284307,238.47008825320648,64.48252118399706,6.500180479475881,-0.03809882137100806,0.7013509819483447,0.7013509819483447,0.5576097118294758,0.6505217082778243
4096,cpor_sm_only_baseline,no_zone,-Zone,Zone,D,3,10,1853,431,20294307,180.0568330756758,46.541207004105125,3.1756389707216948,0.017922317804556442,0.7913541328080618,0.7913541328080618,0.6577211191636566,0.6374903993474506
4096,cpor_sm_only_baseline,no_zone,-Zone,Zone,E,4,10,2081,203,20304307,368.47915471285256,153.9260942889934,17.582154685319523,-0.045586750495049566,0.7451010123856318,0.7451010123856318,0.6344633599979016,0.42492068447189
4096,cpor_sm_only_baseline,no_zone,-Zone,Zone,F,5,10,1896,388,20314307,249.8178846982493,82.70803985544823,3.50829580991502,-0.03513968223140984,0.7549249517039301,0.7549249517039301,0.6083694106182121,0.5828524466294013
4096,cpor_sm_only_baseline,no_zone,-Zone,Zone,G,6,10,2244,40,20324307,110.00222072347347,31.439817005568568,1.6199251996105657,-0.015787477113438975,0.7925068222399524,0.7925068222399524,0.6241428557209524,0.5283145150910729
