{
  "subset_id": 640,
  "subset_label": "budget_wireline_only",
  "config_slug": "no_all_three",
  "config_label": "-all-three (DEPTH+Source+Zone)",
  "dropped": "DEPTH,Source,Zone",
  "outer_fold": "D",
  "outer_fold_index": 3,
  "cost": 7,
  "n_train": 1853,
  "n_test": 431,
  "seed": 20290851,
  "RMSE": 181.17676977405918,
  "MAE": 46.95237322789191,
  "MedAE": 2.418224909572558,
  "R2": 0.005667460863779672,
  "RMSLE": 0.9407115977424259,
  "RMSE_log": 0.9407115977424259,
  "MAE_log": 0.756967224765633,
  "R2_log": 0.48773962868396825
}