{
  "outer_fold": "A",
  "subset_id": 4096,
  "subset_label": "cpor_sm_only_baseline",
  "features": [
    "CPOR_SM"
  ],
  "cost": 10,
  "model": "ExtraTrees",
  "variant": "dataset/prepared_variants/all_sources_without_outlier_adaptive.csv",
  "hp_budget": 1000,
  "search_timing": {
    "random_search_seconds": 607.275630235672,
    "bayesian_search_seconds": 334.463082075119,
    "total_search_seconds": 941.7387170791626,
    "n_random_trials": 500,
    "n_bayesian_trials": 500,
    "n_total_trials": 1000,
    "avg_trial_seconds_random": 1.214551260471344,
    "avg_trial_seconds_bayesian": 0.6689261641502381,
    "avg_trial_seconds_overall": 0.9417387170791626
  },
  "inner_best_score": -0.7037488986333003,
  "inner_best_metrics": {
    "RMSE": 201.28355847084106,
    "MAE": 65.81670287701999,
    "MedAE": 5.316909751044237,
    "R2": 0.06719896933454594,
    "RMSLE": 0.7037488986333003,
    "RMSE_log": 0.7037488986333003,
    "MAE_log": 0.5675134945865764,
    "R2_log": 0.6362717461721713
  },
  "outer_metrics": {
    "RMSE": 125.84945769101472,
    "MAE": 49.064677561106016,
    "MedAE": 3.7502862427219816,
    "R2": 0.4057266901976946,
    "RMSLE": 0.6703505390575948,
    "RMSE_log": 0.6703505390575948,
    "MAE_log": 0.5612813719849373,
    "R2_log": 0.7090363458360988
  },
  "best_params": {
    "max_depth": 10,
    "max_features": 0.5,
    "min_samples_leaf": 3,
    "min_samples_split": 6,
    "n_estimators": 100
  },
  "timestamp": "2026-06-04T15:15:13.084187"
}