{
  "outer_fold": "A",
  "subset_id": 4550,
  "subset_label": "best_performer",
  "features": [
    "CALI",
    "DRHO",
    "CT",
    "PEF",
    "MSFL",
    "CPOR_SM"
  ],
  "cost": 21,
  "model": "ExtraTrees",
  "variant": "dataset/prepared_variants/all_sources_without_outlier_adaptive.csv",
  "hp_budget": 1000,
  "search_timing": {
    "random_search_seconds": 786.2506651878357,
    "bayesian_search_seconds": 930.2116768360138,
    "total_search_seconds": 1716.4623453617096,
    "n_random_trials": 500,
    "n_bayesian_trials": 500,
    "n_total_trials": 1000,
    "avg_trial_seconds_random": 1.5725013303756714,
    "avg_trial_seconds_bayesian": 1.8604233536720276,
    "avg_trial_seconds_overall": 1.7164623453617096
  },
  "inner_best_score": -0.6738449264333174,
  "inner_best_metrics": {
    "RMSE": 197.39758569968498,
    "MAE": 64.69281887115794,
    "MedAE": 5.317873348282568,
    "R2": 0.08866596202987385,
    "RMSLE": 0.6738449264333174,
    "RMSE_log": 0.6738449264333174,
    "MAE_log": 0.5473077338907443,
    "R2_log": 0.6649766196123412
  },
  "outer_metrics": {
    "RMSE": 144.99477707028547,
    "MAE": 48.69009783785072,
    "MedAE": 3.7214656559960684,
    "R2": 0.21116123260866493,
    "RMSLE": 0.6159481930609396,
    "RMSE_log": 0.6159481930609396,
    "MAE_log": 0.5124218152481664,
    "R2_log": 0.7543463692071688
  },
  "best_params": {
    "n_estimators": 500,
    "max_depth": null,
    "max_features": 0.5,
    "min_samples_split": 7,
    "min_samples_leaf": 1
  },
  "timestamp": "2026-06-04T14:34:17.803746"
}