{
  "outer_fold": "A",
  "subset_id": 640,
  "subset_label": "budget_wireline_only",
  "features": [
    "PEF",
    "PHIT"
  ],
  "cost": 7,
  "model": "ExtraTrees",
  "variant": "dataset/prepared_variants/all_sources_without_outlier_adaptive.csv",
  "hp_budget": 1000,
  "search_timing": {
    "random_search_seconds": 732.8727850914001,
    "bayesian_search_seconds": 780.4057011604309,
    "total_search_seconds": 1513.2784893512726,
    "n_random_trials": 500,
    "n_bayesian_trials": 500,
    "n_total_trials": 1000,
    "avg_trial_seconds_random": 1.4657455701828004,
    "avg_trial_seconds_bayesian": 1.560811402320862,
    "avg_trial_seconds_overall": 1.5132784893512725
  },
  "inner_best_score": -0.8495046232515263,
  "inner_best_metrics": {
    "RMSE": 206.1866415635715,
    "MAE": 69.8120056823067,
    "MedAE": 7.90225744389421,
    "R2": 0.03803759689283696,
    "RMSLE": 0.8495046232515263,
    "RMSE_log": 0.8495046232515263,
    "MAE_log": 0.68675826872897,
    "R2_log": 0.4638380083435034
  },
  "outer_metrics": {
    "RMSE": 146.71198336710458,
    "MAE": 50.68296125968792,
    "MedAE": 2.982313951869523,
    "R2": 0.19236579268580367,
    "RMSLE": 0.7312018021193472,
    "RMSE_log": 0.7312018021193472,
    "MAE_log": 0.5976727740305611,
    "R2_log": 0.6538141419980661
  },
  "best_params": {
    "max_depth": null,
    "max_features": 0.5,
    "min_samples_leaf": 5,
    "min_samples_split": 3,
    "n_estimators": 200
  },
  "timestamp": "2026-06-04T14:59:31.275979"
}