{
  "outer_fold": "A",
  "subset_id": 8191,
  "subset_label": "full_feature_baseline",
  "features": [
    "GR",
    "CALI",
    "DRHO",
    "RHOB",
    "NPHI",
    "RT",
    "CT",
    "PEF",
    "MSFL",
    "PHIT",
    "DT",
    "SWT",
    "CPOR_SM"
  ],
  "cost": 31,
  "model": "ExtraTrees",
  "variant": "dataset/prepared_variants/all_sources_without_outlier_adaptive.csv",
  "hp_budget": 1000,
  "search_timing": {
    "random_search_seconds": 806.055255651474,
    "bayesian_search_seconds": 789.2038109302521,
    "total_search_seconds": 1595.2590699195862,
    "n_random_trials": 500,
    "n_bayesian_trials": 500,
    "n_total_trials": 1000,
    "avg_trial_seconds_random": 1.612110511302948,
    "avg_trial_seconds_bayesian": 1.578407621860504,
    "avg_trial_seconds_overall": 1.595259069919586
  },
  "inner_best_score": -0.6866382882307523,
  "inner_best_metrics": {
    "RMSE": 197.09966008936019,
    "MAE": 65.28601183248033,
    "MedAE": 6.257788831498405,
    "R2": 0.10110310860269238,
    "RMSLE": 0.6866382882307523,
    "RMSE_log": 0.6866382882307523,
    "MAE_log": 0.5567264987479069,
    "R2_log": 0.6479825736263904
  },
  "outer_metrics": {
    "RMSE": 151.89465555221997,
    "MAE": 49.98713770582986,
    "MedAE": 3.336915837163262,
    "R2": 0.13429781149372588,
    "RMSLE": 0.6703068596102403,
    "RMSE_log": 0.6703068596102403,
    "MAE_log": 0.558007841531939,
    "R2_log": 0.7090742624687134
  },
  "best_params": {
    "n_estimators": 100,
    "max_depth": 20,
    "max_features": 0.5,
    "min_samples_split": 5,
    "min_samples_leaf": 2
  },
  "timestamp": "2026-06-04T15:41:48.525395"
}