{
  "subset_id": 5621,
  "features": [
    "GR",
    "DRHO",
    "NPHI",
    "RT",
    "CT",
    "PEF",
    "MSFL",
    "DT",
    "CPOR_SM"
  ],
  "cost": 28,
  "best_params": {
    "n_estimators": 200,
    "max_depth": null,
    "max_features": 0.5,
    "min_samples_split": 4,
    "min_samples_leaf": 2
  },
  "best_score": -0.6623897265828761,
  "best_metrics": {
    "RMSE": 189.83858256878509,
    "MAE": 62.222915215201056,
    "MedAE": 4.906976074210669,
    "R2": 0.10835864655683035,
    "RMSLE": 0.6623897265828761,
    "RMSE_log": 0.6623897265828761,
    "MAE_log": 0.5306642075205014,
    "R2_log": 0.6810779002017738
  },
  "timing": {
    "random_search_seconds": 958.2497198581696,
    "bayesian_search_seconds": 885.6088230609894,
    "total_search_seconds": 1843.8585450649261,
    "n_random_trials": 500,
    "n_bayesian_trials": 500,
    "n_total_trials": 1000,
    "avg_trial_seconds_random": 1.916499439716339,
    "avg_trial_seconds_bayesian": 1.7712176461219789,
    "avg_trial_seconds_overall": 1.843858545064926
  }
}