{
  "subset_id": 640,
  "subset_label": "budget_wireline_only",
  "config_slug": "no_source",
  "config_label": "-Source",
  "dropped": "Source",
  "outer_fold": "D",
  "outer_fold_index": 3,
  "cost": 7,
  "n_train": 1853,
  "n_test": 431,
  "seed": 20290851,
  "RMSE": 178.91381473032422,
  "MAE": 45.58899570868523,
  "MedAE": 2.063311885646065,
  "R2": 0.03035139160642275,
  "RMSLE": 0.8971770191733166,
  "RMSE_log": 0.8971770191733166,
  "MAE_log": 0.7222908317723141,
  "R2_log": 0.5340556554150659
}