{
  "subset_id": 640,
  "subset_label": "budget_wireline_only",
  "config_slug": "no_source",
  "config_label": "-Source",
  "dropped": "Source",
  "outer_fold": "G",
  "outer_fold_index": 6,
  "cost": 7,
  "n_train": 2244,
  "n_test": 40,
  "seed": 20320851,
  "RMSE": 105.36659333543645,
  "MAE": 34.68918261017086,
  "MedAE": 4.635496026548035,
  "R2": 0.06802164384832288,
  "RMSLE": 0.891654002257227,
  "RMSE_log": 0.891654002257227,
  "MAE_log": 0.7563687608568227,
  "R2_log": 0.40291079491752757
}