{
  "outer_fold": "D",
  "subset_id": 4550,
  "subset_label": "best_performer",
  "features": [
    "CALI",
    "DRHO",
    "CT",
    "PEF",
    "MSFL",
    "CPOR_SM"
  ],
  "cost": 21,
  "model": "ExtraTrees",
  "variant": "dataset/prepared_variants/all_sources_without_outlier_adaptive.csv",
  "hp_budget": 1000,
  "search_timing": {
    "random_search_seconds": 771.3436484336853,
    "bayesian_search_seconds": 756.3777723312378,
    "total_search_seconds": 1527.721423149109,
    "n_random_trials": 500,
    "n_bayesian_trials": 500,
    "n_total_trials": 1000,
    "avg_trial_seconds_random": 1.5426872968673706,
    "avg_trial_seconds_bayesian": 1.5127555446624756,
    "avg_trial_seconds_overall": 1.527721423149109
  },
  "inner_best_score": -0.6613334658593963,
  "inner_best_metrics": {
    "RMSE": 198.1934941009263,
    "MAE": 66.75918512808919,
    "MedAE": 5.721716147176518,
    "R2": 0.05494649548178419,
    "RMSLE": 0.6613334658593963,
    "RMSE_log": 0.6613334658593963,
    "MAE_log": 0.5382696457617135,
    "R2_log": 0.6705003864842037
  },
  "outer_metrics": {
    "RMSE": 170.88491809106262,
    "MAE": 42.867244561553775,
    "MedAE": 1.837706250550553,
    "R2": 0.11542615032611292,
    "RMSLE": 0.7306354964601318,
    "RMSE_log": 0.7306354964601318,
    "MAE_log": 0.597186139922819,
    "R2_log": 0.6909851867446191
  },
  "best_params": {
    "n_estimators": 100,
    "max_depth": 30,
    "max_features": 0.5,
    "min_samples_split": 6,
    "min_samples_leaf": 4
  },
  "timestamp": "2026-06-04T14:31:08.899724"
}