{
  "outer_fold": "D",
  "subset_id": 640,
  "subset_label": "budget_wireline_only",
  "features": [
    "PEF",
    "PHIT"
  ],
  "cost": 7,
  "model": "ExtraTrees",
  "variant": "dataset/prepared_variants/all_sources_without_outlier_adaptive.csv",
  "hp_budget": 1000,
  "search_timing": {
    "random_search_seconds": 747.4379260540009,
    "bayesian_search_seconds": 521.6384453773499,
    "total_search_seconds": 1269.0763742923737,
    "n_random_trials": 500,
    "n_bayesian_trials": 500,
    "n_total_trials": 1000,
    "avg_trial_seconds_random": 1.4948758521080017,
    "avg_trial_seconds_bayesian": 1.0432768907546996,
    "avg_trial_seconds_overall": 1.2690763742923736
  },
  "inner_best_score": -0.8099998339408644,
  "inner_best_metrics": {
    "RMSE": 203.40375884906769,
    "MAE": 71.72387994050283,
    "MedAE": 8.614935801474854,
    "R2": 0.037906153336373795,
    "RMSLE": 0.8099998339408644,
    "RMSE_log": 0.8099998339408644,
    "MAE_log": 0.6585558797028807,
    "R2_log": 0.4873773098341189
  },
  "outer_metrics": {
    "RMSE": 177.77249675221046,
    "MAE": 44.59547267565909,
    "MedAE": 1.6524382950096244,
    "R2": 0.04268300010293535,
    "RMSLE": 0.879830894943079,
    "RMSE_log": 0.879830894943079,
    "MAE_log": 0.6929839506529876,
    "R2_log": 0.5518987253505135
  },
  "best_params": {
    "max_depth": 10,
    "max_features": 0.5,
    "min_samples_leaf": 1,
    "min_samples_split": 3,
    "n_estimators": 100
  },
  "timestamp": "2026-06-04T14:52:18.120664"
}