{
  "outer_fold": "D",
  "subset_id": 8191,
  "subset_label": "full_feature_baseline",
  "features": [
    "GR",
    "CALI",
    "DRHO",
    "RHOB",
    "NPHI",
    "RT",
    "CT",
    "PEF",
    "MSFL",
    "PHIT",
    "DT",
    "SWT",
    "CPOR_SM"
  ],
  "cost": 31,
  "model": "ExtraTrees",
  "variant": "dataset/prepared_variants/all_sources_without_outlier_adaptive.csv",
  "hp_budget": 1000,
  "search_timing": {
    "random_search_seconds": 799.2926926612854,
    "bayesian_search_seconds": 688.4345934391022,
    "total_search_seconds": 1487.7272884845734,
    "n_random_trials": 500,
    "n_bayesian_trials": 500,
    "n_total_trials": 1000,
    "avg_trial_seconds_random": 1.5985853853225709,
    "avg_trial_seconds_bayesian": 1.3768691868782044,
    "avg_trial_seconds_overall": 1.4877272884845734
  },
  "inner_best_score": -0.683081004729087,
  "inner_best_metrics": {
    "RMSE": 199.6763694425019,
    "MAE": 68.42468477829611,
    "MedAE": 6.019643792994846,
    "R2": 0.040201932627378,
    "RMSLE": 0.683081004729087,
    "RMSE_log": 0.683081004729087,
    "MAE_log": 0.5520016834728295,
    "R2_log": 0.6465233455764201
  },
  "outer_metrics": {
    "RMSE": 162.9016333579623,
    "MAE": 39.910014424622,
    "MedAE": 2.1677517834167523,
    "R2": 0.19614539343303894,
    "RMSLE": 0.741211651436087,
    "RMSE_log": 0.741211651436087,
    "MAE_log": 0.6071145155999093,
    "R2_log": 0.6819742844641675
  },
  "best_params": {
    "n_estimators": 200,
    "max_depth": 20,
    "max_features": 0.5,
    "min_samples_split": 10,
    "min_samples_leaf": 1
  },
  "timestamp": "2026-06-04T15:35:44.528968"
}