subset_id,subset_label,config_slug,config_label,dropped,outer_fold,outer_fold_index,cost,n_train,n_test,seed,RMSE,MAE,MedAE,R2,RMSLE,RMSE_log,MAE_log,R2_log
640,budget_wireline_only,no_depth,-DEPTH,DEPTH,A,0,7,1928,356,20260851,148.44275329195838,50.9695821335123,3.092795858776168,0.17319797694767158,0.7369370344558597,0.7369370344558597,0.6012044011851464,0.6483621782472293
640,budget_wireline_only,no_depth,-DEPTH,DEPTH,B,1,7,1807,477,20270851,112.49950251488417,35.07728405335943,2.085045932656474,0.056084131291255224,0.7188403278642048,0.7188403278642048,0.589568943145013,0.6833926340749077
640,budget_wireline_only,no_depth,-DEPTH,DEPTH,C,2,7,1895,389,20280851,236.72278310926396,67.38743985366459,6.95776059504895,-0.022941950680882117,0.8573360326290482,0.8573360326290482,0.6633270072351498,0.47778235825735316
640,budget_wireline_only,no_depth,-DEPTH,DEPTH,D,3,7,1853,431,20290851,176.14106614801494,44.78044388606182,2.0824882465395413,0.06017310597841896,0.8911546483593444,0.8911546483593444,0.7076756820461944,0.5402900361763223
640,budget_wireline_only,no_depth,-DEPTH,DEPTH,E,4,7,2081,203,20300851,360.9881359399164,156.7093002260546,33.15324182751757,-0.003506246672336788,0.8944675210554316,0.8944675210554316,0.7551874072014297,0.17124417997542507
640,budget_wireline_only,no_depth,-DEPTH,DEPTH,F,5,7,1896,388,20310851,244.2635990726416,81.34204576241842,2.034507819532304,0.010377848289891745,0.7626253125996938,0.7626253125996938,0.6032548191354842,0.5742990954080635
640,budget_wireline_only,no_depth,-DEPTH,DEPTH,G,6,7,2244,40,20320851,105.4389356929278,34.05055619839574,3.472843159470832,0.06674145333756631,0.843042925904355,0.843042925904355,0.7257062147333295,0.4662401900152088
