subset_id,subset_label,config_slug,config_label,dropped,outer_fold,outer_fold_index,cost,n_train,n_test,seed,RMSE,MAE,MedAE,R2,RMSLE,RMSE_log,MAE_log,R2_log
4550,best_performer,no_all_three,-all-three (DEPTH+Source+Zone),"DEPTH,Source,Zone",A,0,21,1928,356,20264761,163.55585301944967,52.85117402742396,2.6665952109699873,-0.003727237572272335,0.7446139500445502,0.7446139500445502,0.6187774894671914,0.640997764446541
4550,best_performer,no_all_three,-all-three (DEPTH+Source+Zone),"DEPTH,Source,Zone",B,1,21,1807,477,20274761,117.52485108253873,37.010233515295916,2.043764339740857,-0.030128736746994234,0.673872471632053,0.673872471632053,0.5491449325730204,0.7217651166986798
4550,best_performer,no_all_three,-all-three (DEPTH+Source+Zone),"DEPTH,Source,Zone",C,2,21,1895,389,20284761,236.76900302321823,66.95280589611596,6.065972169104057,-0.023341446699278734,0.627849419224721,0.627849419224721,0.49959733909770715,0.719934006158143
4550,best_performer,no_all_three,-all-three (DEPTH+Source+Zone),"DEPTH,Source,Zone",D,3,21,1853,431,20294761,171.1769381152649,43.0441925903622,4.48233474007105,0.11240032462167349,0.8397581371185847,0.8397581371185847,0.7163148091007306,0.5917875887392949
4550,best_performer,no_all_three,-all-three (DEPTH+Source+Zone),"DEPTH,Source,Zone",E,4,21,2081,203,20304761,356.63304389036773,145.7873483792264,15.89470949668392,0.020561022170930365,0.6654643777051081,0.6654643777051081,0.5338013940233908,0.5412806444060598
4550,best_performer,no_all_three,-all-three (DEPTH+Source+Zone),"DEPTH,Source,Zone",F,5,21,1896,388,20314761,238.3149976976607,79.34871200298085,3.3831292172444116,0.057991865835899326,0.6834738258100569,0.6834738258100569,0.5602031887080713,0.6580788888860392
4550,best_performer,no_all_three,-all-three (DEPTH+Source+Zone),"DEPTH,Source,Zone",G,6,21,2244,40,20324761,109.73086818221162,31.432735286527254,1.4549906914102784,-0.0107821864459543,0.7833388857607676,0.7833388857607676,0.6655298701174898,0.5391645661463597
