{
  "subset_id": 0,
  "features": [],
  "cost": 0,
  "best_params": {
    "max_depth": 5,
    "max_features": 0.5,
    "min_samples_leaf": 1,
    "min_samples_split": 3,
    "n_estimators": 100
  },
  "best_score": -1.0494408395811374,
  "best_metrics": {
    "RMSE": 210.0613322599813,
    "MAE": 72.20469370683269,
    "MedAE": 8.167250077039018,
    "R2": -0.07589636438333439,
    "RMSLE": 1.0494408395811374,
    "RMSE_log": 1.0494408395811374,
    "MAE_log": 0.861401076119717,
    "R2_log": 0.2097875432018576
  },
  "timing": {
    "random_search_seconds": 714.2890255451202,
    "bayesian_search_seconds": 742.2624430656433,
    "total_search_seconds": 1456.551471710205,
    "n_random_trials": 500,
    "n_bayesian_trials": 500,
    "n_total_trials": 1000,
    "avg_trial_seconds_random": 1.4285780510902404,
    "avg_trial_seconds_bayesian": 1.4845248861312865,
    "avg_trial_seconds_overall": 1.456551471710205
  }
}