{
  "subset_id": 12,
  "features": [
    "DRHO",
    "RHOB"
  ],
  "cost": 2,
  "best_params": {
    "n_estimators": 100,
    "max_depth": 10,
    "max_features": 0.5,
    "min_samples_split": 4,
    "min_samples_leaf": 2
  },
  "best_score": -0.8550836963037292,
  "best_metrics": {
    "RMSE": 197.8831248512899,
    "MAE": 66.58703999390556,
    "MedAE": 7.1594387813432245,
    "R2": 0.040856642091325744,
    "RMSLE": 0.8550836963037292,
    "RMSE_log": 0.8550836963037292,
    "MAE_log": 0.6825266497974586,
    "R2_log": 0.4643520424501055
  },
  "timing": {
    "random_search_seconds": 712.6941883563995,
    "bayesian_search_seconds": 238.83741283416748,
    "total_search_seconds": 951.5316038131714,
    "n_random_trials": 500,
    "n_bayesian_trials": 500,
    "n_total_trials": 1000,
    "avg_trial_seconds_random": 1.425388376712799,
    "avg_trial_seconds_bayesian": 0.47767482566833497,
    "avg_trial_seconds_overall": 0.9515316038131714
  }
}