{
  "subset_id": 152,
  "features": [
    "RHOB",
    "NPHI",
    "PEF"
  ],
  "cost": 5,
  "best_params": {
    "max_depth": 30,
    "max_features": 0.5,
    "min_samples_leaf": 5,
    "min_samples_split": 5,
    "n_estimators": 500
  },
  "best_score": -0.8155650643542297,
  "best_metrics": {
    "RMSE": 198.03194775466517,
    "MAE": 67.05267862296668,
    "MedAE": 6.864134917097319,
    "R2": 0.04559416498177011,
    "RMSLE": 0.8155650643542297,
    "RMSE_log": 0.8155650643542297,
    "MAE_log": 0.6573867854090453,
    "R2_log": 0.5027505143738481
  },
  "timing": {
    "random_search_seconds": 885.3924679756165,
    "bayesian_search_seconds": 830.3896307945251,
    "total_search_seconds": 1715.7821021080017,
    "n_random_trials": 500,
    "n_bayesian_trials": 500,
    "n_total_trials": 1000,
    "avg_trial_seconds_random": 1.7707849359512329,
    "avg_trial_seconds_bayesian": 1.6607792615890502,
    "avg_trial_seconds_overall": 1.7157821021080017
  }
}