{
  "subset_id": 1,
  "features": [
    "GR"
  ],
  "cost": 1,
  "best_params": {
    "max_depth": 10,
    "max_features": "log2",
    "min_samples_leaf": 3,
    "min_samples_split": 6,
    "n_estimators": 100
  },
  "best_score": -1.0348550120790425,
  "best_metrics": {
    "RMSE": 208.6001392800949,
    "MAE": 71.2977670861042,
    "MedAE": 8.322144086275552,
    "R2": -0.0640347250910891,
    "RMSLE": 1.0348550120790425,
    "RMSE_log": 1.0348550120790425,
    "MAE_log": 0.8429918900665339,
    "R2_log": 0.23003706248274552
  },
  "timing": {
    "random_search_seconds": 715.8235754966736,
    "bayesian_search_seconds": 255.31863236427307,
    "total_search_seconds": 971.1422107219696,
    "n_random_trials": 500,
    "n_bayesian_trials": 500,
    "n_total_trials": 1000,
    "avg_trial_seconds_random": 1.4316471509933473,
    "avg_trial_seconds_bayesian": 0.5106372647285461,
    "avg_trial_seconds_overall": 0.9711422107219696
  }
}