{
  "subset_id": 4236,
  "features": [
    "DRHO",
    "RHOB",
    "PEF",
    "CPOR_SM"
  ],
  "cost": 13,
  "best_params": {
    "n_estimators": 100,
    "max_depth": 20,
    "max_features": 0.5,
    "min_samples_split": 9,
    "min_samples_leaf": 3
  },
  "best_score": -0.6733805541307644,
  "best_metrics": {
    "RMSE": 189.71974706719143,
    "MAE": 62.363051374854884,
    "MedAE": 5.1074855207451595,
    "R2": 0.10593873330013703,
    "RMSLE": 0.6733805541307644,
    "RMSE_log": 0.6733805541307644,
    "MAE_log": 0.5362280093237469,
    "R2_log": 0.6702710723988154
  },
  "timing": {
    "random_search_seconds": 901.4829051494598,
    "bayesian_search_seconds": 857.5480477809906,
    "total_search_seconds": 1759.0309545993805,
    "n_random_trials": 500,
    "n_bayesian_trials": 500,
    "n_total_trials": 1000,
    "avg_trial_seconds_random": 1.8029658102989197,
    "avg_trial_seconds_bayesian": 1.7150960955619812,
    "avg_trial_seconds_overall": 1.7590309545993805
  }
}