{
  "subset_id": 4300,
  "features": [
    "DRHO",
    "RHOB",
    "CT",
    "PEF",
    "CPOR_SM"
  ],
  "cost": 15,
  "best_params": {
    "n_estimators": 200,
    "max_depth": null,
    "max_features": 0.5,
    "min_samples_split": 9,
    "min_samples_leaf": 3
  },
  "best_score": -0.6695244681480845,
  "best_metrics": {
    "RMSE": 188.1970092517826,
    "MAE": 62.07257269408144,
    "MedAE": 5.320130839682589,
    "R2": 0.11645223222798348,
    "RMSLE": 0.6695244681480845,
    "RMSE_log": 0.6695244681480845,
    "MAE_log": 0.5376626114759351,
    "R2_log": 0.6738244697639942
  },
  "timing": {
    "random_search_seconds": 907.2123403549194,
    "bayesian_search_seconds": 659.1411373615265,
    "total_search_seconds": 1566.3534789085388,
    "n_random_trials": 500,
    "n_bayesian_trials": 500,
    "n_total_trials": 1000,
    "avg_trial_seconds_random": 1.814424680709839,
    "avg_trial_seconds_bayesian": 1.318282274723053,
    "avg_trial_seconds_overall": 1.5663534789085387
  }
}