{
  "subset_id": 4300,
  "features": [
    "DRHO",
    "RHOB",
    "CT",
    "PEF",
    "CPOR_SM"
  ],
  "cost": 15,
  "best_params": {
    "n_estimators": 800,
    "max_depth": 20,
    "max_features": 0.5,
    "min_samples_split": 10,
    "min_samples_leaf": 2
  },
  "best_score": -0.6728073279995584,
  "best_metrics": {
    "RMSE": 188.65110322707434,
    "MAE": 62.361130995702354,
    "MedAE": 5.283422400201574,
    "R2": 0.11293205543073034,
    "RMSLE": 0.6728073279995584,
    "RMSE_log": 0.6728073279995584,
    "MAE_log": 0.5393982901667883,
    "R2_log": 0.6701800864732174
  },
  "timing": {
    "random_search_seconds": 900.6274795532227,
    "bayesian_search_seconds": 1320.353592634201,
    "total_search_seconds": 2220.981073617935,
    "n_random_trials": 500,
    "n_bayesian_trials": 500,
    "n_total_trials": 1000,
    "avg_trial_seconds_random": 1.8012549591064453,
    "avg_trial_seconds_bayesian": 2.6407071852684023,
    "avg_trial_seconds_overall": 2.2209810736179354
  }
}