{
  "subset_id": 640,
  "features": [
    "PEF",
    "PHIT"
  ],
  "cost": 7,
  "best_params": {
    "n_estimators": 200,
    "max_depth": 30,
    "max_features": 0.5,
    "min_samples_split": 7,
    "min_samples_leaf": 5
  },
  "best_score": -0.8047444025607423,
  "best_metrics": {
    "RMSE": 198.11790416512034,
    "MAE": 67.0712819468819,
    "MedAE": 7.590943400646339,
    "R2": 0.05025917521290673,
    "RMSLE": 0.8047444025607423,
    "RMSE_log": 0.8047444025607423,
    "MAE_log": 0.6526235927270976,
    "R2_log": 0.5186155328995553
  },
  "timing": {
    "random_search_seconds": 881.0485751628876,
    "bayesian_search_seconds": 764.6010644435883,
    "total_search_seconds": 1645.6496415138245,
    "n_random_trials": 500,
    "n_bayesian_trials": 500,
    "n_total_trials": 1000,
    "avg_trial_seconds_random": 1.7620971503257752,
    "avg_trial_seconds_bayesian": 1.5292021288871764,
    "avg_trial_seconds_overall": 1.6456496415138244
  }
}