{
  "subset_id": 4550,
  "subset_label": "best_performer",
  "config_slug": "no_depth",
  "config_label": "-DEPTH",
  "dropped": "DEPTH",
  "outer_fold": "D",
  "outer_fold_index": 3,
  "cost": 21,
  "n_train": 1853,
  "n_test": 431,
  "seed": 20294761,
  "RMSE": 166.536881949804,
  "MAE": 41.64422182121452,
  "MedAE": 1.9424007238144279,
  "R2": 0.15986808026811583,
  "RMSLE": 0.7333876856440645,
  "RMSE_log": 0.7333876856440645,
  "MAE_log": 0.6011337320419593,
  "R2_log": 0.6886527815464266
}