subset_id,subset_label,config_slug,config_label,dropped,outer_fold,outer_fold_index,cost,n_train,n_test,seed,RMSE,MAE,MedAE,R2,RMSLE,RMSE_log,MAE_log,R2_log
4096,cpor_sm_only_baseline,no_source,-Source,Source,A,0,10,1928,356,20264307,128.88239540002792,51.13514241726253,4.019753315429055,0.3767378877660199,0.6568965404193785,0.6568965404193785,0.5507224174066786,0.720598479192559
4096,cpor_sm_only_baseline,no_source,-Source,Source,B,1,10,1807,477,20274307,115.35747425010726,36.303395140618896,2.3187711549260914,0.007515893787730099,0.6718858813690712,0.6718858813690712,0.528184191903497,0.7234031832187812
4096,cpor_sm_only_baseline,no_source,-Source,Source,C,2,10,1895,389,20284307,232.99531697017395,60.83262972331115,4.3445786534729836,0.009019160922940195,0.6611100842395026,0.6611100842395026,0.5171269152664959,0.6894747294276413
4096,cpor_sm_only_baseline,no_source,-Source,Source,D,3,10,1853,431,20294307,165.18097909685997,42.49090892348434,2.1378344939170346,0.17349268959219366,0.7450634080164447,0.7450634080164447,0.6069478606038315,0.6786604120287776
4096,cpor_sm_only_baseline,no_source,-Source,Source,E,4,10,2081,203,20304307,372.2346733605481,153.18064038938334,18.157527965068205,-0.067008483286775,0.7178968608397969,0.7178968608397969,0.5947360532226601,0.4661471706454625
4096,cpor_sm_only_baseline,no_source,-Source,Source,F,5,10,1896,388,20314307,226.59323343785996,77.04617998410146,2.324696385851264,0.14838014588516124,0.6935082247642165,0.6935082247642165,0.5445237537798094,0.6479653817761615
4096,cpor_sm_only_baseline,no_source,-Source,Source,G,6,10,2244,40,20324307,106.30785448195256,29.462875533671628,1.6303167934759437,0.05129616668717474,0.7722113556819988,0.7722113556819988,0.6032686071793002,0.5521641458903672
