{
  "subset_id": 640,
  "subset_label": "budget_wireline_only",
  "config_slug": "no_depth",
  "dropped": [
    "DEPTH"
  ],
  "outer_fold": "A",
  "seed": 20260851,
  "best_params": {
    "max_depth": 10,
    "max_features": 0.5,
    "min_samples_leaf": 3,
    "min_samples_split": 10,
    "n_estimators": 100
  },
  "best_score": -0.8401110160657389,
  "best_metrics": {
    "RMSE": 205.65692817673212,
    "MAE": 69.40001848569689,
    "MedAE": 8.203691738209995,
    "R2": 0.03768916683166026,
    "RMSLE": 0.8401110160657389,
    "RMSE_log": 0.8401110160657389,
    "MAE_log": 0.6863562592387883,
    "R2_log": 0.47442305905836263
  },
  "timing": {
    "random_search_seconds": 704.0083637237549,
    "bayesian_search_seconds": 785.0761761665344,
    "total_search_seconds": 1489.0845427513123,
    "n_random_trials": 500,
    "n_bayesian_trials": 500,
    "n_total_trials": 1000,
    "avg_trial_seconds_random": 1.4080167274475097,
    "avg_trial_seconds_bayesian": 1.570152352333069,
    "avg_trial_seconds_overall": 1.4890845427513122
  }
}