subset_id,subset_label,config_slug,config_label,dropped,outer_fold,outer_fold_index,cost,n_train,n_test,seed,RMSE,MAE,MedAE,R2,RMSLE,RMSE_log,MAE_log,R2_log
640,budget_wireline_only,no_zone,-Zone,Zone,A,0,7,1928,356,20260851,154.0233663977255,51.83959656308656,2.8668356355535263,0.10986320980292852,0.7177926602711056,0.7177926602711056,0.5922599599121919,0.6663947759755867
640,budget_wireline_only,no_zone,-Zone,Zone,B,1,7,1807,477,20270851,111.34684471034282,35.201418846219646,2.2142199260743283,0.07532756156006526,0.67518754782229,0.67518754782229,0.5384276499648671,0.7206780946980713
640,budget_wireline_only,no_zone,-Zone,Zone,C,2,7,1895,389,20280851,237.161451733461,64.83515675082144,6.658531574216243,-0.02673667042125283,0.8427350925687088,0.8427350925687088,0.6515922902637613,0.49541824473879237
640,budget_wireline_only,no_zone,-Zone,Zone,D,3,7,1853,431,20290851,183.39583272414623,47.109930739230634,1.8611452864531575,-0.01883898203029144,0.9086703428740025,0.9086703428740025,0.7282017903636638,0.5220411902975893
640,budget_wireline_only,no_zone,-Zone,Zone,E,4,7,2081,203,20300851,370.38432536443287,160.0433557451571,30.04504919817652,-0.056426825981554574,0.9311469253171787,0.9311469253171787,0.7730491523136712,0.10188103482031163
640,budget_wireline_only,no_zone,-Zone,Zone,F,5,7,1896,388,20310851,250.9162495572791,82.89751494529732,1.819156470099555,-0.044262011238271226,0.7686975524524435,0.7686975524524435,0.6044314551398324,0.5674930032391108
640,budget_wireline_only,no_zone,-Zone,Zone,G,6,7,2244,40,20320851,108.16125194534453,33.46591525252454,3.8335140833829477,0.017927930144355342,0.7922140105584519,0.7922140105584519,0.6933164492453754,0.5286630029552967
