{
  "subset_id": 4096,
  "features": [
    "CPOR_SM"
  ],
  "cost": 10,
  "best_params": {
    "max_depth": 10,
    "max_features": 0.5,
    "min_samples_leaf": 1,
    "min_samples_split": 6,
    "n_estimators": 100
  },
  "best_score": -0.7170528636301076,
  "best_metrics": {
    "RMSE": 193.41098018180946,
    "MAE": 64.70736271630135,
    "MedAE": 4.910105197247694,
    "R2": 0.08503024829463386,
    "RMSLE": 0.7170528636301076,
    "RMSE_log": 0.7170528636301076,
    "MAE_log": 0.5745768647513053,
    "R2_log": 0.6214850380203444
  },
  "timing": {
    "random_search_seconds": 721.2132213115692,
    "bayesian_search_seconds": 1221.6422441005707,
    "total_search_seconds": 1942.8554680347443,
    "n_random_trials": 500,
    "n_bayesian_trials": 500,
    "n_total_trials": 1000,
    "avg_trial_seconds_random": 1.4424264426231383,
    "avg_trial_seconds_bayesian": 2.4432844882011415,
    "avg_trial_seconds_overall": 1.9428554680347443
  }
}