subset_id,subset_label,Zone,n,n_wells,RMSE,MAE,MedAE,R2,RMSLE,RMSE_log,MAE_log,R2_log
640,budget_wireline_only,2,1,1,18.663371059451713,18.663371059451713,18.663371059451713,,0.860665455980574,0.860665455980574,0.860665455980574,
640,budget_wireline_only,3,44,5,40.45261398863265,20.2360676860407,3.0870789411131945,-0.23816061585307913,0.9992974760331519,0.9992974760331519,0.7388846910679487,-0.3472319239280719
640,budget_wireline_only,4,507,7,327.77925918299076,159.29702697575635,42.12129209662123,-0.05180317221506403,0.7242669306619509,0.7242669306619509,0.5922447905869095,0.4740164697467705
640,budget_wireline_only,5,806,7,80.3227480993375,31.9614413179617,4.590674552758714,0.023834674853389304,0.6886258292803925,0.6886258292803925,0.5266387140206197,0.4224109112484784
640,budget_wireline_only,6,531,7,271.35946600743546,67.2004214378633,1.6446564615760897,-0.0257117556014832,0.941108723442304,0.941108723442304,0.783600816993002,0.43949718338791444
640,budget_wireline_only,7,281,6,8.144957976427857,2.382464277603303,0.23435177166007026,0.09297559751085194,0.8597417792398612,0.8597417792398612,0.7044666289719014,0.13521853566295083
640,budget_wireline_only,8,102,4,46.22104642781113,13.689790271687448,0.20524546837106283,-0.02711890901339742,0.9496691654417402,0.9496691654417402,0.8252169067010826,0.35265775970323987
640,budget_wireline_only,9,12,3,0.17428875731369903,0.13296811282153784,0.11883124851501685,-0.09224041455718779,0.44153798393863647,0.44153798393863647,0.3918104925075491,-0.411842184087579
