subset_id,subset_label,Zone,n,n_wells,RMSE,MAE,MedAE,R2,RMSLE,RMSE_log,MAE_log,R2_log
4550,best_performer,2,1,1,4.8442379077620465,4.8442379077620465,4.8442379077620465,,0.11001761723058934,0.11001761723058934,0.11001761723058934,
4550,best_performer,3,44,5,35.56996119329996,19.809594478671066,7.206501704767655,0.04269442589276007,0.804624511883831,0.804624511883831,0.7002404243115404,0.12654748099440094
4550,best_performer,4,507,7,306.80044412767313,145.27658572343228,32.110524176374994,0.0785251094451822,0.5689885086540779,0.5689885086540779,0.47685572631503,0.6753751035433376
4550,best_performer,5,806,7,80.19974811505385,31.802703417219703,5.733771103552456,0.02682203250401216,0.5987634260070119,0.5987634260070119,0.4738213784175251,0.5633204109321631
4550,best_performer,6,531,7,265.82295734796946,63.50649585964666,1.2171958501985534,0.015716167234297362,0.705066576652512,0.705066576652512,0.5658345829384982,0.6854001896308546
4550,best_performer,7,281,6,7.779038870037343,2.2483653299704467,0.2351071826169037,0.17264259417281347,0.7645079249635623,0.7645079249635623,0.6382393748527486,0.31619181928558726
4550,best_performer,8,102,4,44.40686692393685,12.835609774303776,0.06316160747578833,0.05192773099625747,0.6963490243219256,0.6963490243219256,0.5574108698169195,0.6519487363680229
4550,best_performer,9,12,3,0.17280045083797785,0.1135731383682992,0.08960919003017395,-0.07366609224860388,0.388658185055581,0.388658185055581,0.3398621435866667,-0.09392021987086441
