subset_id,subset_label,Zone,n,n_wells,RMSE,MAE,MedAE,R2,RMSLE,RMSE_log,MAE_log,R2_log
8191,full_feature_baseline,2,1,1,7.706046041217874,7.706046041217874,7.706046041217874,,0.19110633323175685,0.19110633323175685,0.19110633323175685,
8191,full_feature_baseline,3,44,5,38.746202347162246,20.590809705735463,8.891167805321215,-0.1359052042649429,0.8031302733169273,0.8031302733169273,0.6835715917013775,0.12978858178437136
8191,full_feature_baseline,4,507,7,309.0371234574819,146.64880820612396,32.78171897742953,0.06504040474756767,0.5869299113228607,0.5869299113228607,0.4890087721945522,0.6545801281358613
8191,full_feature_baseline,5,806,7,77.36037963654874,31.39469514217435,6.499350485410335,0.09451044683148813,0.5983992459451435,0.5983992459451435,0.47653303237680783,0.563851444159051
8191,full_feature_baseline,6,531,7,266.1727798126268,64.25398157007189,1.159857511084863,0.013123831606344671,0.7432275181530923,0.7432275181530923,0.5993918931072475,0.6504238753906657
8191,full_feature_baseline,7,281,6,7.49218915757736,2.1995090133045267,0.276801125318827,0.2325347100918701,0.806913051023373,0.806913051023373,0.6639845810099799,0.23823013495103185
8191,full_feature_baseline,8,102,4,45.280513011029996,13.05536401099484,0.06343153022333856,0.014256652784332413,0.6763290397804939,0.6763290397804939,0.5170539703381051,0.6716739494484489
8191,full_feature_baseline,9,12,3,0.17125957868378885,0.10890050028992021,0.06657292802447806,-0.054603571716277166,0.3599452590614656,0.3599452590614656,0.32110213527695836,0.06174059001791654
