subset_id,subset_label,Zone,n,n_wells,RMSE,MAE,MedAE,R2,RMSLE,RMSE_log,MAE_log,R2_log
4096,cpor_sm_only_baseline,2,1,1,1.448355613825779,1.448355613825779,1.448355613825779,,0.02812706241273699,0.02812706241273699,0.02812706241273699,
4096,cpor_sm_only_baseline,3,44,5,36.03720442007406,18.86600837732105,6.229154747269401,0.017379112795065543,0.7250356656532796,0.7250356656532796,0.626383011410928,0.290795429511318
4096,cpor_sm_only_baseline,4,507,7,316.42882615795384,151.02306454203875,33.12959452907258,0.01977986797559117,0.6045536218140442,0.6045536218140442,0.5041121467484372,0.6335248866020431
4096,cpor_sm_only_baseline,5,806,7,84.30054771013424,33.31696664251875,3.9660184079793317,-0.07524406003583994,0.6913928384762927,0.6913928384762927,0.5293026295667624,0.4177598942442271
4096,cpor_sm_only_baseline,6,531,7,269.3762994120098,65.54755912245558,1.5268259246656544,-0.010774195169960699,0.8410845163934049,0.8410845163934049,0.6914772146004614,0.5523099137380261
4096,cpor_sm_only_baseline,7,281,6,7.135808913345956,2.075490515986369,0.171284177547391,0.30381013107145616,0.7086834183350694,0.7086834183350694,0.5803000124729916,0.4124093839617543
4096,cpor_sm_only_baseline,8,102,4,45.131097759429224,13.153422424374963,0.05110387438706495,0.02075137102149971,0.7356214003523723,0.7356214003523723,0.5547609134527658,0.6115832213672185
4096,cpor_sm_only_baseline,9,12,3,0.17656082310865864,0.11142729051675677,0.0814234279283345,-0.12090339586207399,0.3871336120824523,0.3871336120824523,0.3326479889765477,-0.08535490341583496
