{
  "outer_fold": "B",
  "subset_id": 4096,
  "subset_label": "cpor_sm_only_baseline",
  "features": [
    "CPOR_SM"
  ],
  "cost": 10,
  "model": "ExtraTrees",
  "variant": "dataset/prepared_variants/all_sources_without_outlier_adaptive.csv",
  "hp_budget": 1000,
  "search_timing": {
    "random_search_seconds": 603.5083906650543,
    "bayesian_search_seconds": 424.0086395740509,
    "total_search_seconds": 1027.5170333385468,
    "n_random_trials": 500,
    "n_bayesian_trials": 500,
    "n_total_trials": 1000,
    "avg_trial_seconds_random": 1.2070167813301087,
    "avg_trial_seconds_bayesian": 0.8480172791481018,
    "avg_trial_seconds_overall": 1.0275170333385468
  },
  "inner_best_score": -0.7374492071135021,
  "inner_best_metrics": {
    "RMSE": 205.36647091641294,
    "MAE": 69.0489061344854,
    "MedAE": 5.500096631741195,
    "R2": 0.10481337680466714,
    "RMSLE": 0.7374492071135021,
    "RMSE_log": 0.7374492071135021,
    "MAE_log": 0.5946365324649164,
    "R2_log": 0.5892980916943139
  },
  "outer_metrics": {
    "RMSE": 117.31628182244035,
    "MAE": 37.220285782485874,
    "MedAE": 2.1040569723747993,
    "R2": -0.026475678889211318,
    "RMSLE": 0.6898683878579537,
    "RMSE_log": 0.6898683878579537,
    "MAE_log": 0.5425615165656832,
    "R2_log": 0.7083992501348875
  },
  "best_params": {
    "max_depth": 10,
    "max_features": 0.5,
    "min_samples_leaf": 1,
    "min_samples_split": 10,
    "n_estimators": 300
  },
  "timestamp": "2026-06-04T15:26:49.871699"
}