{
  "outer_fold": "B",
  "subset_id": 4550,
  "subset_label": "best_performer",
  "features": [
    "CALI",
    "DRHO",
    "CT",
    "PEF",
    "MSFL",
    "CPOR_SM"
  ],
  "cost": 21,
  "model": "ExtraTrees",
  "variant": "dataset/prepared_variants/all_sources_without_outlier_adaptive.csv",
  "hp_budget": 1000,
  "search_timing": {
    "random_search_seconds": 734.2769281864166,
    "bayesian_search_seconds": 1313.434764623642,
    "total_search_seconds": 2047.711695432663,
    "n_random_trials": 500,
    "n_bayesian_trials": 500,
    "n_total_trials": 1000,
    "avg_trial_seconds_random": 1.4685538563728333,
    "avg_trial_seconds_bayesian": 2.626869529247284,
    "avg_trial_seconds_overall": 2.047711695432663
  },
  "inner_best_score": -0.6695032809817886,
  "inner_best_metrics": {
    "RMSE": 204.8508279539022,
    "MAE": 66.51100001826278,
    "MedAE": 5.46775858095878,
    "R2": 0.09333482330636501,
    "RMSLE": 0.6695032809817886,
    "RMSE_log": 0.6695032809817886,
    "MAE_log": 0.5433034588310274,
    "R2_log": 0.6682313411295359
  },
  "outer_metrics": {
    "RMSE": 113.52957752902691,
    "MAE": 35.877578197508015,
    "MedAE": 2.1286969269549516,
    "R2": 0.03871951249453498,
    "RMSLE": 0.6391877057430537,
    "RMSE_log": 0.6391877057430537,
    "MAE_log": 0.5192078188496629,
    "R2_log": 0.7496699572366395
  },
  "best_params": {
    "n_estimators": 1000,
    "max_depth": null,
    "max_features": 0.5,
    "min_samples_split": 10,
    "min_samples_leaf": 4
  },
  "timestamp": "2026-06-04T14:39:49.214053"
}