{
  "outer_fold": "B",
  "subset_id": 640,
  "subset_label": "budget_wireline_only",
  "features": [
    "PEF",
    "PHIT"
  ],
  "cost": 7,
  "model": "ExtraTrees",
  "variant": "dataset/prepared_variants/all_sources_without_outlier_adaptive.csv",
  "hp_budget": 1000,
  "search_timing": {
    "random_search_seconds": 680.2135982513428,
    "bayesian_search_seconds": 1112.3297555446625,
    "total_search_seconds": 1792.5433564186096,
    "n_random_trials": 500,
    "n_bayesian_trials": 500,
    "n_total_trials": 1000,
    "avg_trial_seconds_random": 1.3604271965026855,
    "avg_trial_seconds_bayesian": 2.224659511089325,
    "avg_trial_seconds_overall": 1.7925433564186095
  },
  "inner_best_score": -0.8452370762201529,
  "inner_best_metrics": {
    "RMSE": 212.79909129603186,
    "MAE": 72.40477943759917,
    "MedAE": 8.837244206413919,
    "R2": 0.04459263974850336,
    "RMSLE": 0.8452370762201529,
    "RMSE_log": 0.8452370762201529,
    "MAE_log": 0.6861319783471594,
    "R2_log": 0.46501265070313674
  },
  "outer_metrics": {
    "RMSE": 112.84609369893609,
    "MAE": 35.239087329998235,
    "MedAE": 2.4627707779561936,
    "R2": 0.050259094529981896,
    "RMSLE": 0.7091086965834985,
    "RMSE_log": 0.7091086965834985,
    "MAE_log": 0.583795006780317,
    "R2_log": 0.6919070428584173
  },
  "best_params": {
    "n_estimators": 1000,
    "max_depth": 10,
    "max_features": 0.5,
    "min_samples_split": 3,
    "min_samples_leaf": 5
  },
  "timestamp": "2026-06-04T15:09:42.206434"
}