{
  "subset_id": 4550,
  "subset_label": "best_performer",
  "config_slug": "no_all_three",
  "config_label": "-all-three (DEPTH+Source+Zone)",
  "dropped": "DEPTH,Source,Zone",
  "outer_fold": "D",
  "outer_fold_index": 3,
  "cost": 21,
  "n_train": 1853,
  "n_test": 431,
  "seed": 20294761,
  "RMSE": 171.1769381152649,
  "MAE": 43.0441925903622,
  "MedAE": 4.48233474007105,
  "R2": 0.11240032462167349,
  "RMSLE": 0.8397581371185847,
  "RMSE_log": 0.8397581371185847,
  "MAE_log": 0.7163148091007306,
  "R2_log": 0.5917875887392949
}