{
  "subset_id": 4550,
  "subset_label": "best_performer",
  "config_slug": "no_all_three",
  "config_label": "-all-three (DEPTH+Source+Zone)",
  "dropped": "DEPTH,Source,Zone",
  "outer_fold": "G",
  "outer_fold_index": 6,
  "cost": 21,
  "n_train": 2244,
  "n_test": 40,
  "seed": 20324761,
  "RMSE": 109.73086818221162,
  "MAE": 31.432735286527254,
  "MedAE": 1.4549906914102784,
  "R2": -0.0107821864459543,
  "RMSLE": 0.7833388857607676,
  "RMSE_log": 0.7833388857607676,
  "MAE_log": 0.6655298701174898,
  "R2_log": 0.5391645661463597
}