subset_id,subset_label,config_slug,config_label,dropped,outer_fold,outer_fold_index,cost,n_train,n_test,seed,RMSE,MAE,MedAE,R2,RMSLE,RMSE_log,MAE_log,R2_log
640,budget_wireline_only,no_all_three,-all-three (DEPTH+Source+Zone),"DEPTH,Source,Zone",A,0,7,1928,356,20260851,156.71045689573228,51.82276033935569,3.5317466684747667,0.07853364583989453,0.6958784512931672,0.6958784512931672,0.5682577944919075,0.6864537630498561
640,budget_wireline_only,no_all_three,-all-three (DEPTH+Source+Zone),"DEPTH,Source,Zone",B,1,7,1807,477,20270851,113.27619725195535,35.44366262806115,2.1777047104598926,0.043005579914369596,0.6970353590464698,0.6970353590464698,0.5553155195168951,0.7023089579667078
640,budget_wireline_only,no_all_three,-all-three (DEPTH+Source+Zone),"DEPTH,Source,Zone",C,2,7,1895,389,20280851,236.8291706318211,66.97901520290752,7.744862707630193,-0.023861614712558987,0.8158986529946132,0.8158986529946132,0.6470066834615724,0.5270428256793983
640,budget_wireline_only,no_all_three,-all-three (DEPTH+Source+Zone),"DEPTH,Source,Zone",D,3,7,1853,431,20290851,181.17676977405918,46.95237322789191,2.418224909572558,0.005667460863779672,0.9407115977424259,0.9407115977424259,0.756967224765633,0.48773962868396825
640,budget_wireline_only,no_all_three,-all-three (DEPTH+Source+Zone),"DEPTH,Source,Zone",E,4,7,2081,203,20300851,374.4959277225387,160.1866889070972,29.693905589919744,-0.08001160385142114,0.9229147426986252,0.9229147426986252,0.7550153575374388,0.117691207427433
640,budget_wireline_only,no_all_three,-all-three (DEPTH+Source+Zone),"DEPTH,Source,Zone",F,5,7,1896,388,20310851,247.19746980570352,81.79174882920121,3.471617112958582,-0.01353779129874777,0.7556983923781829,0.7556983923781829,0.6174357522553864,0.5819972512612552
640,budget_wireline_only,no_all_three,-all-three (DEPTH+Source+Zone),"DEPTH,Source,Zone",G,6,7,2244,40,20320851,108.96853706034032,35.697103149379394,7.218826901540307,0.003213403216066113,0.8872310179625598,0.8872310179625598,0.7625588168518453,0.40881973747687517
