{
  "outer_fold": "G",
  "subset_id": 4096,
  "subset_label": "cpor_sm_only_baseline",
  "features": [
    "CPOR_SM"
  ],
  "cost": 10,
  "model": "ExtraTrees",
  "variant": "dataset/prepared_variants/all_sources_without_outlier_adaptive.csv",
  "hp_budget": 1000,
  "search_timing": {
    "random_search_seconds": 666.1320943832397,
    "bayesian_search_seconds": 414.8528482913971,
    "total_search_seconds": 1080.9849452972412,
    "n_random_trials": 500,
    "n_bayesian_trials": 500,
    "n_total_trials": 1000,
    "avg_trial_seconds_random": 1.3322641887664795,
    "avg_trial_seconds_bayesian": 0.8297056965827941,
    "avg_trial_seconds_overall": 1.0809849452972413
  },
  "inner_best_score": -0.711008550718507,
  "inner_best_metrics": {
    "RMSE": 207.9673659150317,
    "MAE": 70.44181039931277,
    "MedAE": 5.705151617061566,
    "R2": 0.09213938203520404,
    "RMSLE": 0.711008550718507,
    "RMSE_log": 0.711008550718507,
    "MAE_log": 0.5723102213590445,
    "R2_log": 0.6312964817677091
  },
  "outer_metrics": {
    "RMSE": 108.73671549573113,
    "MAE": 29.54692599691392,
    "MedAE": 1.3635602070169057,
    "R2": 0.00745005420638023,
    "RMSLE": 0.7490818797593968,
    "RMSE_log": 0.7490818797593968,
    "MAE_log": 0.5856736799514006,
    "R2_log": 0.5785897679613816
  },
  "best_params": {
    "max_depth": 10,
    "max_features": 0.5,
    "min_samples_leaf": 1,
    "min_samples_split": 6,
    "n_estimators": 100
  },
  "timestamp": "2026-06-04T15:16:09.396331"
}