{
  "outer_fold": "G",
  "subset_id": 4550,
  "subset_label": "best_performer",
  "features": [
    "CALI",
    "DRHO",
    "CT",
    "PEF",
    "MSFL",
    "CPOR_SM"
  ],
  "cost": 21,
  "model": "ExtraTrees",
  "variant": "dataset/prepared_variants/all_sources_without_outlier_adaptive.csv",
  "hp_budget": 1000,
  "search_timing": {
    "random_search_seconds": 791.8448734283447,
    "bayesian_search_seconds": 487.54292130470276,
    "total_search_seconds": 1279.3877971172333,
    "n_random_trials": 500,
    "n_bayesian_trials": 500,
    "n_total_trials": 1000,
    "avg_trial_seconds_random": 1.5836897468566895,
    "avg_trial_seconds_bayesian": 0.9750858426094056,
    "avg_trial_seconds_overall": 1.2793877971172334
  },
  "inner_best_score": -0.6418699150887057,
  "inner_best_metrics": {
    "RMSE": 203.49518188710215,
    "MAE": 67.15118945623404,
    "MedAE": 5.582470232151297,
    "R2": 0.11688520589794661,
    "RMSLE": 0.6418699150887057,
    "RMSE_log": 0.6418699150887057,
    "MAE_log": 0.52025434247009,
    "R2_log": 0.7014567141823599
  },
  "outer_metrics": {
    "RMSE": 108.9879877350007,
    "MAE": 30.534371023333556,
    "MedAE": 1.4619607548223137,
    "R2": 0.0028575224692252155,
    "RMSLE": 0.7551969090272099,
    "RMSE_log": 0.7551969090272099,
    "MAE_log": 0.5839451870213683,
    "R2_log": 0.5716814333518553
  },
  "best_params": {
    "max_depth": 30,
    "max_features": 0.5,
    "min_samples_leaf": 2,
    "min_samples_split": 7,
    "n_estimators": 100
  },
  "timestamp": "2026-06-04T14:27:00.569747"
}