{
  "outer_fold": "G",
  "subset_id": 640,
  "subset_label": "budget_wireline_only",
  "features": [
    "PEF",
    "PHIT"
  ],
  "cost": 7,
  "model": "ExtraTrees",
  "variant": "dataset/prepared_variants/all_sources_without_outlier_adaptive.csv",
  "hp_budget": 1000,
  "search_timing": {
    "random_search_seconds": 757.1214423179626,
    "bayesian_search_seconds": 1110.4673504829407,
    "total_search_seconds": 1867.5887956619263,
    "n_random_trials": 500,
    "n_bayesian_trials": 500,
    "n_total_trials": 1000,
    "avg_trial_seconds_random": 1.5142428846359253,
    "avg_trial_seconds_bayesian": 2.2209347009658815,
    "avg_trial_seconds_overall": 1.8675887956619264
  },
  "inner_best_score": -0.8049905421924283,
  "inner_best_metrics": {
    "RMSE": 214.05737084857506,
    "MAE": 72.62399051378155,
    "MedAE": 7.879151057948152,
    "R2": 0.041862340209562275,
    "RMSLE": 0.8049905421924283,
    "RMSE_log": 0.8049905421924283,
    "MAE_log": 0.6494570027122155,
    "R2_log": 0.5224117649609183
  },
  "outer_metrics": {
    "RMSE": 104.22450344789317,
    "MAE": 34.00069412864881,
    "MedAE": 5.668633932211826,
    "R2": 0.08811595234013614,
    "RMSLE": 0.8399156875541121,
    "RMSE_log": 0.8399156875541121,
    "MAE_log": 0.7122466308516049,
    "R2_log": 0.47019277223291567
  },
  "best_params": {
    "max_depth": 10,
    "max_features": 0.5,
    "min_samples_leaf": 5,
    "min_samples_split": 2,
    "n_estimators": 200
  },
  "timestamp": "2026-06-04T14:58:08.337001"
}