subset_id,subset_label,config_slug,config_label,dropped,outer_fold,outer_fold_index,cost,n_train,n_test,seed,RMSE,MAE,MedAE,R2,RMSLE,RMSE_log,MAE_log,R2_log
4550,best_performer,no_source,-Source,Source,A,0,21,1928,356,20264761,148.22561081436154,49.63443652276543,3.1155937825547206,0.1756151044191836,0.6115156695591871,0.6115156695591871,0.5027167741019667,0.7578692226687785
4550,best_performer,no_source,-Source,Source,B,1,21,1807,477,20274761,112.21428893243122,35.887830910599,2.2795343077765966,0.060864176613751875,0.6476346221189144,0.6476346221189144,0.5331059113070603,0.7430099771612138
4550,best_performer,no_source,-Source,Source,C,2,21,1895,389,20284761,232.14790637308352,60.64750161768799,5.392307530069129,0.016214503267182434,0.6007523173617899,0.6007523173617899,0.46489812585008344,0.7435868494366024
4550,best_performer,no_source,-Source,Source,D,3,21,1853,431,20294761,170.14282269379933,42.905227454729356,2.3859997039425096,0.12309227844563275,0.7320523468135991,0.7320523468135991,0.6085783427752351,0.6897855399497577
4550,best_performer,no_source,-Source,Source,E,4,21,2081,203,20304761,331.34452745028125,140.4543640643699,18.2470772927392,0.15453851756558856,0.655561025367761,0.655561025367761,0.5467670506741534,0.5548322526929803
4550,best_performer,no_source,-Source,Source,F,5,21,1896,388,20314761,227.76557592629877,75.86518738360449,2.955173480903194,0.13954517012757373,0.6179704919684236,0.6179704919684236,0.5043387362333517,0.720476955998786
4550,best_performer,no_source,-Source,Source,G,6,21,2244,40,20324761,108.86084545718914,30.08661603275895,1.3887865663714796,0.005182641414282818,0.7589467809313559,0.7589467809313559,0.5912982081757676,0.5674173074760951
