subset_id,subset_label,config_slug,config_label,dropped,outer_fold,outer_fold_index,cost,n_train,n_test,seed,RMSE,MAE,MedAE,R2,RMSLE,RMSE_log,MAE_log,R2_log
4550,best_performer,no_zone,-Zone,Zone,A,0,21,1928,356,20264761,158.71861673087903,50.9930878793928,2.3733259355155027,0.05476614457334017,0.6283016541485419,0.6283016541485419,0.5209933576668256,0.7443938949236235
4550,best_performer,no_zone,-Zone,Zone,B,1,21,1807,477,20274761,115.91251606536648,36.388228733349,2.1603822326399458,-0.0020577456812025385,0.6633390593665855,0.6633390593665855,0.5455439933250047,0.7303954057694109
4550,best_performer,no_zone,-Zone,Zone,C,2,21,1895,389,20284761,234.81911581953761,60.73062780437294,5.862967727640211,-0.006555601361629915,0.6346056155282527,0.6346056155282527,0.48987400801831604,0.7138740767690739
4550,best_performer,no_zone,-Zone,Zone,D,3,21,1853,431,20294761,174.76451727079615,44.22369139295147,2.759503282553222,0.07480526937469556,0.7467453844319989,0.7467453844319989,0.6320046283542302,0.6772079297994089
4550,best_performer,no_zone,-Zone,Zone,E,4,21,2081,203,20304761,341.4727930349364,143.17656702569573,18.158929954334667,0.10206182360549276,0.6654887873509436,0.6654887873509436,0.5594372733299698,0.5412469915683038
4550,best_performer,no_zone,-Zone,Zone,F,5,21,1896,388,20314761,237.03881742503248,78.92817929649924,2.307102058751491,0.06805378711045584,0.6776123901386127,0.6776123901386127,0.5355113540399036,0.663918336676234
4550,best_performer,no_zone,-Zone,Zone,G,6,21,2244,40,20324761,109.48401810543987,32.25588256823605,2.2124631332977636,-0.006239599400257756,0.79453067546071,0.79453067546071,0.6573416775456236,0.5259023185331912
