subset_id,subset_label,features,n_features,cost,model,variant,n_outer_folds,RMSE_mean,RMSE_std,RMSE_ci,MAE_mean,MAE_std,MAE_ci,MedAE_mean,MedAE_std,MedAE_ci,R2_mean,R2_std,R2_ci,RMSLE_mean,RMSLE_std,RMSLE_ci,RMSE_log_mean,RMSE_log_std,RMSE_log_ci,MAE_log_mean,MAE_log_std,MAE_log_ci,R2_log_mean,R2_log_std,R2_log_ci
4550,best_performer,"CALI,DRHO,CT,PEF,MSFL,CPOR_SM",6,21,ExtraTrees,dataset/prepared_variants/all_sources_without_outlier_adaptive.csv,7,190.70452572949142,81.37578934515625,265.964578521384,62.184114940347236,38.50446678802314,97.79480734050378,4.962327762008994,6.200880766878921,10.6971859750841,0.09351678420709397,0.07567055969920372,0.023533188796438648,0.6591450228822602,0.05731405496629045,0.7121516829367006,0.6591450228822602,0.05731405496629045,0.7121516829367006,0.5319683816854799,0.04775843290691756,0.5761375653057752,0.683058073183185,0.0886399596056367,0.6010797834108287
4096,cpor_sm_only_baseline,CPOR_SM,1,10,ExtraTrees,dataset/prepared_variants/all_sources_without_outlier_adaptive.csv,7,194.2938432096083,93.63326977647299,280.89017466349577,64.93373736959717,43.2132152713775,104.89929578448303,4.84581865134687,6.348371341631119,10.71708289539853,0.078671240581329,0.15679447803895047,-0.06633946579274132,0.7204759391100511,0.04312047524019559,0.7603557273013996,0.7204759391100511,0.04312047524019559,0.7603557273013996,0.5785039828856952,0.04912605259940129,0.6239380037639001,0.6169907138132433,0.12645489354697387,0.5000394431623136
640,budget_wireline_only,"PEF,PHIT",2,7,ExtraTrees,dataset/prepared_variants/all_sources_without_outlier_adaptive.csv,7,198.05511770230075,91.9585192779689,283.1025632781532,67.31714178299659,43.246870821814156,107.3138263906111,7.542233828087104,10.980297426544777,17.697315218294605,0.0491621459486885,0.07291634832665769,-0.01827422878409842,0.8160010550873246,0.08187845549053972,0.8917259965265985,0.8160010550873246,0.08187845549053972,0.8917259965265985,0.6613767503896438,0.06878762805200273,0.7249946957304216,0.5053403719372349,0.1802050061776153,0.33867853814824045
