{
  "subset_id": 4096,
  "subset_label": "cpor_sm_only_baseline",
  "config_slug": "no_source",
  "config_label": "-Source",
  "dropped": "Source",
  "outer_fold": "C",
  "outer_fold_index": 2,
  "cost": 10,
  "n_train": 1895,
  "n_test": 389,
  "seed": 20284307,
  "RMSE": 232.99531697017395,
  "MAE": 60.83262972331115,
  "MedAE": 4.3445786534729836,
  "R2": 0.009019160922940195,
  "RMSLE": 0.6611100842395026,
  "RMSE_log": 0.6611100842395026,
  "MAE_log": 0.5171269152664959,
  "R2_log": 0.6894747294276413
}