{
  "subset_id": 4096,
  "subset_label": "cpor_sm_only_baseline",
  "config_slug": "no_source",
  "config_label": "-Source",
  "dropped": "Source",
  "outer_fold": "D",
  "outer_fold_index": 3,
  "cost": 10,
  "n_train": 1853,
  "n_test": 431,
  "seed": 20294307,
  "RMSE": 165.18097909685997,
  "MAE": 42.49090892348434,
  "MedAE": 2.1378344939170346,
  "R2": 0.17349268959219366,
  "RMSLE": 0.7450634080164447,
  "RMSE_log": 0.7450634080164447,
  "MAE_log": 0.6069478606038315,
  "R2_log": 0.6786604120287776
}