{
  "outer_fold": "C",
  "subset_id": 4550,
  "subset_label": "best_performer",
  "features": [
    "CALI",
    "DRHO",
    "CT",
    "PEF",
    "MSFL",
    "CPOR_SM"
  ],
  "cost": 21,
  "model": "ExtraTrees",
  "variant": "dataset/prepared_variants/all_sources_without_outlier_adaptive.csv",
  "hp_budget": 1000,
  "search_timing": {
    "random_search_seconds": 764.9019615650177,
    "bayesian_search_seconds": 685.7032067775726,
    "total_search_seconds": 1450.6051726341248,
    "n_random_trials": 500,
    "n_bayesian_trials": 500,
    "n_total_trials": 1000,
    "avg_trial_seconds_random": 1.5298039231300353,
    "avg_trial_seconds_bayesian": 1.3714064135551454,
    "avg_trial_seconds_overall": 1.4506051726341247
  },
  "inner_best_score": -0.6727320109921154,
  "inner_best_metrics": {
    "RMSE": 181.95021195618142,
    "MAE": 61.814465240090385,
    "MedAE": 4.891867687474987,
    "R2": 0.12088497377224584,
    "RMSLE": 0.6727320109921154,
    "RMSE_log": 0.6727320109921154,
    "MAE_log": 0.5421168205814544,
    "R2_log": 0.6709755678012371
  },
  "outer_metrics": {
    "RMSE": 233.2342969152905,
    "MAE": 60.19221277810232,
    "MedAE": 4.737306070248124,
    "R2": 0.00698524879645801,
    "RMSLE": 0.5982392888055892,
    "RMSE_log": 0.5982392888055892,
    "MAE_log": 0.46054807355173794,
    "R2_log": 0.7457275846443667
  },
  "best_params": {
    "max_depth": 30,
    "max_features": 0.5,
    "min_samples_leaf": 3,
    "min_samples_split": 7,
    "n_estimators": 200
  },
  "timestamp": "2026-06-04T14:29:51.826412"
}