{
  "subset_id": 4096,
  "subset_label": "cpor_sm_only_baseline",
  "config_slug": "no_depth",
  "dropped": [
    "DEPTH"
  ],
  "outer_fold": "B",
  "seed": 20274307,
  "best_params": {
    "n_estimators": 200,
    "max_depth": 10,
    "max_features": 0.5,
    "min_samples_split": 9,
    "min_samples_leaf": 5
  },
  "best_score": -0.7527673600389412,
  "best_metrics": {
    "RMSE": 210.4142041885735,
    "MAE": 70.51625865991004,
    "MedAE": 5.654933990323994,
    "R2": 0.06354089845977202,
    "RMSLE": 0.7527673600389412,
    "RMSE_log": 0.7527673600389412,
    "MAE_log": 0.6088129265321133,
    "R2_log": 0.5700647625968609
  },
  "timing": {
    "random_search_seconds": 602.8248746395111,
    "bayesian_search_seconds": 360.5236780643463,
    "total_search_seconds": 963.3485550880432,
    "n_random_trials": 500,
    "n_bayesian_trials": 500,
    "n_total_trials": 1000,
    "avg_trial_seconds_random": 1.2056497492790221,
    "avg_trial_seconds_bayesian": 0.7210473561286926,
    "avg_trial_seconds_overall": 0.9633485550880432
  }
}