subset_id,subset_label,config_slug,config_label,dropped,outer_fold,outer_fold_index,cost,n_train,n_test,seed,RMSE,MAE,MedAE,R2,RMSLE,RMSE_log,MAE_log,R2_log
4550,best_performer,no_depth,-DEPTH,DEPTH,A,0,21,1928,356,20264761,145.0087539695238,48.30949422559407,3.4912151713600412,0.21100914366315549,0.6351415966444393,0.6351415966444393,0.5250939511231987,0.7387983420121693
4550,best_performer,no_depth,-DEPTH,DEPTH,B,1,21,1807,477,20274761,112.62006693208802,35.60210380318265,1.9665044517099195,0.054059879724688176,0.639453407793797,0.639453407793797,0.5134369610385273,0.7494617960674987
4550,best_performer,no_depth,-DEPTH,DEPTH,C,2,21,1895,389,20284761,232.5745443926039,60.77241508675901,5.2959540531634355,0.012595207444736523,0.5872291688916406,0.5872291688916406,0.45437769241436415,0.7550008233111928
4550,best_performer,no_depth,-DEPTH,DEPTH,D,3,21,1853,431,20294761,166.536881949804,41.64422182121452,1.9424007238144279,0.15986808026811583,0.7333876856440645,0.7333876856440645,0.6011337320419593,0.6886527815464266
4550,best_performer,no_depth,-DEPTH,DEPTH,E,4,21,2081,203,20304761,339.0138085289243,144.12099909829,18.321967074189857,0.1149475704076296,0.6799770404254956,0.6799770404254956,0.5776402286127275,0.5210546754976608
4550,best_performer,no_depth,-DEPTH,DEPTH,F,5,21,1896,388,20314761,232.25682703636926,77.21363264949747,2.3914455848275047,0.1052764232219594,0.6452201278706292,0.6452201278706292,0.5187494023636033,0.6952821083338068
4550,best_performer,no_depth,-DEPTH,DEPTH,G,6,21,2244,40,20324761,109.2689235917529,31.11715236547757,1.0626898862303018,-0.0022897259273635395,0.7575281671360837,0.7575281671360837,0.5926842144913846,0.5690329523686324
