{
  "outer_fold": "E",
  "subset_id": 4096,
  "subset_label": "cpor_sm_only_baseline",
  "features": [
    "CPOR_SM"
  ],
  "cost": 10,
  "model": "ExtraTrees",
  "variant": "dataset/prepared_variants/all_sources_without_outlier_adaptive.csv",
  "hp_budget": 1000,
  "search_timing": {
    "random_search_seconds": 639.5204946994781,
    "bayesian_search_seconds": 631.9169616699219,
    "total_search_seconds": 1271.4374589920044,
    "n_random_trials": 500,
    "n_bayesian_trials": 500,
    "n_total_trials": 1000,
    "avg_trial_seconds_random": 1.2790409893989563,
    "avg_trial_seconds_bayesian": 1.2638339233398437,
    "avg_trial_seconds_overall": 1.2714374589920043
  },
  "inner_best_score": -0.7136945367316708,
  "inner_best_metrics": {
    "RMSE": 166.48856013516507,
    "MAE": 49.9082759599278,
    "MedAE": 2.5831561219413595,
    "R2": 0.08580227947728081,
    "RMSLE": 0.7136945367316708,
    "RMSE_log": 0.7136945367316708,
    "MAE_log": 0.5688632723356516,
    "R2_log": 0.6565368772855938
  },
  "outer_metrics": {
    "RMSE": 369.6589096749868,
    "MAE": 155.18568015324703,
    "MedAE": 19.453546598247538,
    "R2": -0.05229275185141913,
    "RMSLE": 0.7819854431847583,
    "RMSE_log": 0.7819854431847583,
    "MAE_log": 0.6719894109807611,
    "R2_log": 0.36657561635434555
  },
  "best_params": {
    "max_depth": 10,
    "max_features": 0.5,
    "min_samples_leaf": 5,
    "min_samples_split": 7,
    "n_estimators": 300
  },
  "timestamp": "2026-06-04T15:28:32.936047"
}