{
  "outer_fold": "E",
  "subset_id": 4096,
  "subset_label": "cpor_sm_only_baseline",
  "features": [
    "CPOR_SM"
  ],
  "cost": 10,
  "model": "ExtraTrees",
  "variant": "dataset/prepared_variants/all_sources_without_outlier_adaptive.csv",
  "hp_budget": 1000,
  "search_timing": {
    "random_search_seconds": 604.0153675079346,
    "bayesian_search_seconds": 370.85354590415955,
    "total_search_seconds": 974.86891746521,
    "n_random_trials": 500,
    "n_bayesian_trials": 500,
    "n_total_trials": 1000,
    "avg_trial_seconds_random": 1.2080307350158692,
    "avg_trial_seconds_bayesian": 0.7417070918083191,
    "avg_trial_seconds_overall": 0.97486891746521
  },
  "inner_best_score": -0.7103326350879876,
  "inner_best_metrics": {
    "RMSE": 165.5647495334126,
    "MAE": 49.69997911948533,
    "MedAE": 2.556749740728758,
    "R2": 0.09426662371354698,
    "RMSLE": 0.7103326350879876,
    "RMSE_log": 0.7103326350879876,
    "MAE_log": 0.5634450320590624,
    "R2_log": 0.6594743572689691
  },
  "outer_metrics": {
    "RMSE": 370.4642299351176,
    "MAE": 155.54619261565284,
    "MedAE": 19.081731420336645,
    "R2": -0.05688268996731427,
    "RMSLE": 0.7903061014151691,
    "RMSE_log": 0.7903061014151691,
    "MAE_log": 0.6774788974728606,
    "R2_log": 0.3530240903472074
  },
  "best_params": {
    "n_estimators": 100,
    "max_depth": 10,
    "max_features": 0.5,
    "min_samples_split": 2,
    "min_samples_leaf": 3
  },
  "timestamp": "2026-04-16T02:34:38.645041"
}