{
  "outer_fold": "E",
  "subset_id": 640,
  "subset_label": "budget_wireline_only",
  "features": [
    "PEF",
    "PHIT"
  ],
  "cost": 7,
  "model": "ExtraTrees",
  "variant": "dataset/prepared_variants/all_sources_without_outlier_adaptive.csv",
  "hp_budget": 1000,
  "search_timing": {
    "random_search_seconds": 749.1655874252319,
    "bayesian_search_seconds": 1024.3879780769348,
    "total_search_seconds": 1773.5535678863525,
    "n_random_trials": 500,
    "n_bayesian_trials": 500,
    "n_total_trials": 1000,
    "avg_trial_seconds_random": 1.498331174850464,
    "avg_trial_seconds_bayesian": 2.0487759561538694,
    "avg_trial_seconds_overall": 1.7735535678863525
  },
  "inner_best_score": -0.7913846957289709,
  "inner_best_metrics": {
    "RMSE": 170.36053241121562,
    "MAE": 52.092514880215305,
    "MedAE": 3.439879587330701,
    "R2": 0.05938930611297808,
    "RMSLE": 0.7913846957289709,
    "RMSE_log": 0.7913846957289709,
    "MAE_log": 0.6371977694165334,
    "R2_log": 0.5753953747231418
  },
  "outer_metrics": {
    "RMSE": 363.412739747851,
    "MAE": 156.93362032478163,
    "MedAE": 32.62377425574057,
    "R2": -0.01703176671010964,
    "RMSLE": 0.900831846529954,
    "RMSE_log": 0.900831846529954,
    "MAE_log": 0.7518313454208357,
    "R2_log": 0.15940867752571652
  },
  "best_params": {
    "n_estimators": 200,
    "max_depth": 20,
    "max_features": 0.5,
    "min_samples_split": 9,
    "min_samples_leaf": 4
  },
  "timestamp": "2026-06-04T15:07:21.356306"
}